gram	#words	#occurrences	example1	example2	example3
├ge	1781	11225	gesanten	gelegentheyt	gediscoureert
├va	166	8031	van	vande	vaertuyghen
├en	36	7752	ende	enite	endé
├de	250	6535	deser	despecheren	den
├da	193	5949	dat	dancksegginge	dato
├me	150	5725	met	mede	mei
├ve	951	5078	versocht	verovert	verbleven
├ee	121	4634	eerbiedigh	een	eenige
├vo	334	4566	voor	volgende	voorstadt
├de┤	1	4429	de
├te┤	1	4359	te
├wa	160	4102	waer	waren	was
├co	501	4011	contentement	contrarie	combineren
├so	210	3985	soodanigen	soude	solpher
├al	142	3980	als	alreets	aliantie
├we	250	3875	wesen	weshalven	weygeringh
├he	167	3658	heeft	heer	het
├be	798	3332	begeert	belooflde	bemachtigen
├ha	126	3155	haer	hare	hadden
├na	158	3059	naer	nae	natie
├on	530	2988	onse	onder	onser
├sy	36	2729	syner	sylieden	syne
├ae	261	2711	aengenomen	aengetogen	aende
├ma	208	2639	maer	mandamenlen	malroose
├di	166	2369	ditto	die	dient
├in┤	1	2289	in
├to	173	2070	toegeseyt	tot	tol
├do	139	2063	door	doen	dooden
├re	298	2006	reede	reden	redresseren
├ni	52	1858	niet	nieuwe	niettegenstaende
├se	162	1805	secunda	seer	selver
├d'┤	1	1796	d'
├la	203	1748	landen	lamboe	lasten
├op┤	1	1748	op
├in	259	1712	inbeeldende	invaderen	informatie
├st	231	1671	stant	staét	staat
├sc	298	1622	schatten	schicken	schrift
├Ma	269	1578	Maen	Malacca	May
├Co	147	1493	Conincx	Commissaris	Comp
├'t┤	1	1380	't
├uy	182	1360	uyl	uytierste	uyt
├an	44	1284	antwoort	ander	andere
├go	128	1246	goet	goederen	goede
├te	90	1186	ter	tegen	ten
├pa	173	1175	partye	parthye	paerden
├mo	142	1162	monterende	mochten	motie
├ca	226	1110	campher	canonschoot	capileyn
├oo	76	1104	ootmoedige	oock	oorloge
├ho	181	1101	hoogh	hooghslen	hoorden
├hu	57	1061	hunner	hun	hulpe
├wi	76	1046	wierl	wierden	wiert
├om┤	1	1034	om
├sa	106	1012	sal	samen	salvo
├mi	92	1001	misnoegende	minder	mishaeght
├su	109	969	substantie	sulcx	sullen
├ov	160	961	over	overleden	overvloet
├Ja	93	957	Jan	Jacob	Javaense
├ja	48	951	jacht	jaerlycx	jare
├pr	195	940	princen	principalen	presteren
├cl	101	919	cleyn	cleynoilien	cleyne
├no	95	901	nochte	noch	noodige
├by┤	1	893	by
├E┤	1	883	E
├Go	102	879	Gouverneurs	Gouverneur	Goninck
├of	30	878	off	offle	ofte
├op	203	863	opclimmende	opgehouden	opgenomen
├gr	75	793	groeten	groolen	grooten
├vr	152	786	vriendelyck	vreese	vrunischap
├Ba	129	775	Bangry	Bandanesen	Ballacky
├2┤	1	769	2
├br	93	768	brieven	brenght	brieff
├en┤	1	765	en
├pe	103	738	peper	persoon	periculeusen
├ry	39	643	rys	rycke	rycxdaelder
├bo	157	643	bootjen	boomen	boven
├ne	82	614	negolie	nemen	negen
├ga	116	580	gantsch	gaen	gantsche
├Pa	140	562	Panghlymas	Panglima	Paducka
├qu	79	551	quamen	queen	qualyck
├;┤	1	546	;
├De	36	540	Des	Den	Dese
├Ca	143	538	Capiteyn	Cap	Capt
├Ch	76	536	Cherrebon	Chillebhaer	Chineese
├is┤	1	535	is
├ey	43	519	eynde	eylanden	eyscht
├le	106	512	lesen	legatie	leveren
├ty	25	496	tyt	tydingh	tydelyck
├af	229	494	affcortinge	affscheyt	aff
├si	81	493	sich	situatie	sittende
├bl	83	482	blyft	blyvende	blancke
├ba	108	477	ballast	barus	battalie
├Ge	65	463	Generael	Geus	Generaels
├wo	38	444	worden	wordende	wooninge
├ro	103	441	rooven	ront	ronden
├jo	39	416	jonek	jonghsten	jonck
├ar	79	406	arriveren	arrière	arbeyden
├Ed┤	1	398	Ed
├Po	51	392	Portugiesen	Portugees	Portugiese
├ti	42	390	tingangh	tinganghs	tinghangh
├4┤	1	378	4
├pl	50	376	plaels	pleegen	pleyn
├ic	1	375	ick
├pi	45	368	pistoolschoot	pitjens	picols
├sl	105	368	slaet	sloulelyck	sluckjens
├Ga	98	366	Gasteel	Gap	Galissa
├a┤	1	362	a
├3┤	1	348	3
├om	46	336	omtrent	omme	omdat
├ta	71	333	tale	tanden	talamba
├d┤	1	330	d
├10┤	1	328	10
├bi	34	318	binnen	bittere	bidden
├vi	91	313	victualie	viel	vivres
├ad	55	311	adviseert	administralie	advance
├Ne	57	298	Nederlantsen	Nederlanfsche	Nederlantse
├lo	66	294	lol	loop	logie
├tw	29	293	tweede	twee	twistigh
├je	21	291	jegenwoordigh	jegenwoordigen	jentangh
├En	19	290	Engelschen	Engelandt	Ende
├li	75	289	liberale	liberael	licht
├Da	47	284	Dat	Darou	Damman
├6┤	1	283	6
├U┤	1	283	U
├sy┤	1	280	sy
├ra	102	279	raet	raere	rasta
├5┤	1	279	5
├Wa	72	274	Wangsa	Wachler	Wachter
├or	41	273	ordre	ordinarie	ordonneren
├fl	37	272	fluytschip	flscael	fluyt
├tr	104	272	treek	travaden	troupen
├8┤	1	271	8
├vy	34	270	vyanden	vyfligh	vyant
├sp	87	269	speculatien	spreecken	specy
├So	65	264	Soo	Sondagbs	Sooveel
├my	18	263	myn	myne	myneu
├zy	12	262	zyn	zynde	zyne
├hi	22	262	hier	hielt	hielden
├bu	45	261	buyten	buytenste	buyck
├10	53	254	10:8	100	106
├Mo	77	253	Mogo	Morhon	Monterende
├Ha	104	252	Haes	Haffdack	Hamsia
├do┤	1	251	do
├cr	73	248	croone	crepel-bossige	crancke
├ac	79	245	achtinge	accommodabelsle	achterlatende
├Se	72	243	September	Sedert	Sery
├du	44	238	duysent	duystere	duyren
├Ta	76	238	Tamara	Tarnatacnsen	Tarnaten
├Ho	60	235	Hoogh	Hollanders	Hollandia
├ch	51	235	champher	chryghsmacht	chaloupen
├dr	57	232	drie	dracht	dragen
├20┤	1	232	20
├Si	82	231	Sibederadia	Siry	Silan
├S┤	1	230	S
├gi	47	230	gissinge	gissingh	giljou
├ou	40	228	oudt	ouden	oude
├al┤	1	228	al
├Su	42	227	Sumatra	Sumalras	Sultan
├sw	42	227	swaeren	swarte	swarten
├my┤	1	221	my
├He	53	220	Herberts	Heer	Heeren
├An	62	208	Anthonisz	Anthony	Andragiery
├De┤	1	205	De
├Ra	52	204	Ragiepour	Raden	Radeh
├1┤	1	203	1
├Jo	38	202	Johor	Johoriten	Johorit
├Te	35	202	Ten	Tenimber	Terlolen
├La	81	193	Laxamana	Lamodt	Lagie
├Na	74	192	Nae	Nara	Nae't
├ke	38	188	kerck	kennen	keert
├gu	34	186	gunt	gunstigh	guarde
├Pe	37	186	Petten	Pedro	Peera
├Be	57	185	Bequamen	Ben	Bessi
├Li	46	185	Lilloula	Lieffde	Limoury
├12┤	1	184	12
├H┤	1	182	H
├et	10	178	etmael	etc	ettelycke
├Gr	39	177	Grissee	Grraans	Grol
├7┤	1	176	7
├'s┤	1	176	's
├ex	65	176	excuseert	expireeren	excedeert
├To	78	176	Tonsitja	Touhender	Tonganse
├t'┤	1	174	t'
├Lo	44	173	Lourens	Lonthor	Lolobj
├Am	46	173	Ambassadeur	Amboina	Amiril
├Sa	75	170	Sayer	Sanivoort	Santvoort
├In	36	168	Indrapoura	India	Indische
├p┤	1	168	p
├po	51	163	posten	ponden	posture
├hy┤	1	162	hy
├by	45	161	byloopers	byleggende	byeencompste
├Ke	24	160	Kerokringh	Ketjil	Kerckringh
├At	26	156	Atchin	Atchinse	Aton
├am	46	150	ambassaten	ampt	amunitie
├ri	24	148	ringen	riviere	rivit^re
├fo	40	148	fondamenteelder	fort	folie
├ly	39	147	lydelyck	lyffeygene	lyt
├»┤	1	142	»
├Qu	34	140	Queda	Quey	Quimelaha
├Ju	20	140	Juny	July	Junio
├vl	45	138	vlyt	vlote	vleugelen
├20	28	138	20sturx	200	209
├ru	29	136	rugge	ruym	ruymte
├ec	5	134	echter	echler	ecbter
├15┤	1	134	15
├bh	9	133	bhaer	bharen	bhaeren
├We	31	130	Westcust	Welcke	Weslcusl
├(d	17	130	(die	(door	(dat
├30┤	1	130	30
├50┤	1	129	50
├wy	28	128	wyderingh	wyders	wynen
├yd	5	127	yder	ydele	yders
├f┤	1	126	f
├Me	34	124	Meer	Met	Meere
├Op┤	1	119	Op
├Vo	25	119	Voorders	Voorsz	Voors
├cu	24	118	cust	cusle	custcleeden
├mu	39	117	mueren	musquettiers	musquetteryen
├Sp	31	117	Spaenschen	Spaens	Spaengiaert
├ol	24	117	oliphant	oliphanten	oliphants-tanden
├25┤	1	117	25
├40┤	1	117	40
├Ti	27	113	Tico	Ticou	Tidorees
├as	16	113	assisteeren	assistentie	assistent
├Al	43	113	Alchin	Alchinse	Alitsgaders
├ap	22	113	apprehenlie	apparent	approbeerden
├Bo	54	112	Bontemps	Boven	Boleloa
├9┤	1	111	9
├ki	16	109	kinderen	kiesen	kiste
├lu	23	108	lust	luyen	luysteren
├ze	27	107	zee	zeylei	zeehavens
├wy┤	1	106	wy
├Hi	33	106	Hittoe	Hittoelamma	Hittoese
├Pr	19	105	Priaman	Priainan	Priuce
├fa	51	105	faveur	facyl	facetwerck
├Do	29	105	Doulet	Dodringen	Doch
├ys	5	104	ysere	yser	yseren
├Wi	29	102	Wichtmans	Willemsz	Willem
├Ad	12	101	Adriaen	Adviseert	Ady
├ü┤	1	99	ü
├th	39	98	thoUen	thayl	throon
├Di	33	98	Dirck	Dit	Dienselven
├Ce	17	97	Ceram-Laut	Ceram	Ceylon
├No	27	97	Noffica	NousateUo	Noula
├nu┤	1	94	nu
├ft┤	1	91	ft
├Br	32	90	Braham	Bredannus	Bredam
├14┤	1	89	14
├16┤	1	89	16
├18┤	1	87	18
├d*	39	86	d*eylanden	d*onse	d*Ed
├Ar	32	85	Arabische	Arrackie	Arnemuyden
├tu	9	84	tusschen	tusschenloopende	tusschenspreecken
├13┤	1	83	13
├30	16	83	300	3064	304838.3
├12	40	80	1263	1211	1200
├Pi	27	80	Pieter	Pieler	Pietersz
├Mi	27	79	Minne	Missive	Minalaky
├17┤	1	79	17
├Va	19	78	Van	Vaderlandt	Vanden
├ye	19	78	yemant	yelwes	yets
├Cl	15	78	Cleen	Cleyn	Clady
├11┤	1	78	11
├Ki	27	75	Kissel	Kitsil	Kitjil
├el	26	74	elycke	elff	elck
├15	32	74	150	15401	1544
├Ve	26	74	Vertreckeu	Vermits	Vertrecken
├60┤	1	73	60
├Cr	22	73	Crayen	Crus	Crimbangh
├11	38	72	1125	112	1120
├.┤	1	71	.
├gh	5	71	ghy	ghylieden	ghyse
├50	12	71	500	50799	5000
├Gh	21	71	Ghoromandel	Gherrebon	Ghineese
├*t┤	1	70	*t
├16	29	70	1641	1640	1633
├er	32	69	erlangen	erkennen	erkentelycke
├Fr	21	69	Franse	Fransman	Frederick
├(s	13	66	(synen	(spoelende	(synde
├On	17	66	Ondertusschen	Ontfanger	Ondercoopman
├24┤	1	66	24
├Bi	22	66	Binlocna	Bidia	Bima
├22┤	1	65	22
├28┤	1	64	28
├Au	12	64	Augusto	Augusly	Augusty
├Or	22	63	Orangkaya	Orangkays	Orangcaya
├80┤	1	63	80
├Ro	25	63	Roomse	Rollepat	Romacay
├ju	10	62	juweelen	juyst	juwelen
├D'┤	1	62	D'
├21┤	1	62	21
├Ap	1	62	April
├uw	5	62	uwe	uwen	uwc
├40	12	61	400	40120	4000
├/┤	1	61	/
├Fi	10	61	Firando	Firandos	Fisend
├:┤	1	59	:
├Oc	7	59	October	Oclober	Ocknea
├Fe	10	59	Feby	February	Ferrero
├13	36	57	13:2	133	13054:8:2
├Sy	9	57	Syne	Symon	Syn
├26┤	1	56	26
├U.	4	56	U.E	U.Ed	U.Ë
├zu	15	55	zulcx	zullen	zuytzyde
├Le	28	55	Leecq	Leeck	Leeuwen
├19┤	1	55	19
├Re	23	55	Revengie	Reden	Reynsbnrg
├ce	10	54	cento	cesseren	cent
├Ie┤	1	54	Ie
├av	14	54	avantguarde	avonts	avont
├As	21	54	Assahoudy	Assahoudj	Assahoudise
├u┤	1	54	u
├14	28	52	1400	144	14466.5.8
├im	23	51	immers	impositien	imbarqueren
├60	8	51	600	6000	6008
├Vl	8	51	Vlieth	Vliet	Vlielh
├Vi	21	51	Visiapoursen	Visiapourder	Visiapoufder
├Ee	13	50	Eerst	Een	Eerstelyck
├Tr	26	50	Trigo	Trompenit	Trimelevaes
├v^	31	49	v^reder	v^elken	v^as
├fy	6	49	fyn	fyne	fynen
├au	10	49	audiëntie	authóriteyt	aulhoriteyt
├Sc	21	48	Schagen	Schouten	Schotsman
├Ol	17	48	Oltens	Oldenburgh	Oliphant
├Th	16	47	Thomas	Thindramata	Thome
├Op	10	46	Oppercoopman	Opperhooft	Oppercoopmans
├fi	22	45	fieren	firmalie	firmans
├em	30	45	emle	embuscade	emstelyck
├17	30	45	174	172	17930
├29┤	1	44	29
├pu	18	44	purpre	punct	punt
├fr	21	44	fregat	frequenterende	fruyten
├Ou	22	44	Ourien	Oulat	Oudjou
├70┤	1	43	70
├18	24	43	18273.8.6	188	180
├23┤	1	42	23
├M┤	1	42	M
├'T┤	1	41	'T
├27┤	1	41	27
├Ac	14	40	Achter	Accoley	Acfy
├Ag	12	40	Aginare	Agra	Aguada
├25	21	39	252627	254	250
├(v	8	38	(vande	(volgen	(vermits
├it	4	38	item	itterative	itererende
├Ru	10	38	Ruttem	Ruttems	Ruanelle
├—┤	1	38	—
├t┤	1	37	t
├sn	14	37	snyt	snoode	snuysteringh
├Tw	4	37	Twee	Twist	Twisl
├In┤	1	37	In
├^┤	1	37	^
├ie	9	37	ieyten	iets	ieugenen
├St	13	36	Stephanus	Straat	Sterck
├ef	7	36	effect	effecten	effecte
├Pu	13	36	Punte	Punto	Putalao
├ka	19	35	kant	kans	kat
├wt┤	1	35	wt
├r┤	1	35	r
├(a	13	34	(als	(alsschoon	(aldaer
├(o	13	34	(ofte	(op	(onder
├19	23	34	19*^0	195	19272
├Va┤	1	34	Va
├g'	23	34	g'armeert	g'arriveert	g'intituleert
├Du	17	34	Duytsche	Durramayo	Duyff
├/*┤	1	33	/*
├vn	22	33	vnmden	vnlden	vnert
├«┤	1	33	«
├ab	17	33	abuyselyck	abondantie	absent
├Hs	12	32	Hselve	Hsyn	Hscheurbuyck
├24	29	32	245	24967	243
├at	22	31	attenteren	attrapperen	attenderen
├aj	5	31	ajuyn	ajuin	ajiiin
├ul	5	30	ullimo	ultimo	ulyeden
├fe	20	30	feyt	feylen	feytelyckbeyt
├Hu	13	30	Huytterlyck	Hurt	Huytsetten
├Lu	9	29	Lucht	Luytv^cq	Luconio
├ai	14	29	aiïairen	aireede	aiïschielen
├i┤	1	29	i
├Uy	8	29	Uythoeck	Uyt	Uyttrecht
├80	9	29	800	8088.4	8000
├Bl	14	28	Bleven	Bliejttongh	Blacassar
├fu	15	28	furieus	furieusêr	fugityf
├45┤	1	28	45
├Ze	6	28	Zeeusche	Zeelant	Zeehaen
├Ci	16	27	Cionincx	Cillebhaer	Ciborj
├ci	16	27	civilen	cierlycke	cieraet
├sm	17	27	smaldeelt	smerten	smeltende
├Fo	11	26	Forcenburgh	Force	Formosa
├•┤	1	26	•
├(g	5	26	(gelyck	(gelost	(geene
├Ot	2	26	Ottens	Otter
├Oo	10	26	Oock	Oost-lndise	Oostcappel
├Ri	12	26	Ringj	Richart	Riviere
├Eu	12	26	Europa	Europise	Europianen
├Ph	10	26	Phillips	Philips	Philippo
├Ae	7	25	Aen	Aengaende	Aende
├35┤	1	25	35
├Ni	8	25	Nicolaes	Nilegale	Nicko
├oi	10	24	oirsaecke	oiaer	oirsake
├Gi	15	24	Gillis	Gilole	Gilles
├TR	2	24	TRANSLAET	TRANSLAËT
├Je	8	24	Jegens	Jeronimusz	Jeremias
├P┤	1	24	P
├Sn	5	24	Snouck	Snaren	Snccadana
├d^	19	23	d^wh	d^Ed	d^onderstaeDde
├^^	12	23	^^i	^^^^^	^^^
├28	17	23	280	28086	28617.11.8
├Ry	6	23	Rysviryck	Ryp	Rysselse
├90┤	1	22	90
├l)	21	22	l)eseth	l)eter	l)emerckende
├Bu	7	22	Buyren	Bueren	Buys
├ag	6	22	aguelhout	aguilhout	agaet
├36┤	1	22	36
├h┤	1	22	h
├'┤	1	21	'
├Er	4	21	Eredam	Erangh	Erang
├26	15	21	26661272	2673	264
├eo	7	21	eode	eoopman	eoopluyden
├21	14	21	21060	213	219
├Ul	5	21	Uliassers	Ultimo	Uliasse
├Cb	12	21	Cbineese	Cbinanna	Cbeylon
├70	6	21	700	70882.1.15	7000
├ev	4	20	even	evenwel	evidenten
├Wo	11	20	Wotton	Wonderaer	Wottongh
├Om	6	20	Omme	Oma	Omon
├af┤	1	20	af
├(w	12	19	(wie	(waeronder	(waer
├wr	15	19	wrenschte	wrel	wreesen
├22	14	19	22000	228	226
├Ck	9	19	Cknnp	Ck)ninck	Ck)mp
├34	13	19	340	34474	342
├Iq	2	19	Iquan	Iquans
├(n	7	18	(nae	(niet	(naer
├Ka	8	18	Kaertekoe	Kackyaly	Kaèrtekoe
├23	14	18	235	23748	2300
├A┤	1	18	A
├Gu	9	18	Gulde	Guaro	Gul
├Sw	4	18	Swager	Swaen	Swart
├Ex	2	18	Expeditie	Expediiie
├27	16	17	27j	27a	2730
├47	13	17	4772^4	472	47864
├Hg	15	17	Hganische	Hgunt	Hgaljot
├(h	9	17	(hun	(hoewel	(hebbende
├ko	14	17	konnen	kopQ	koy
├MI	2	17	MISSIVE	MICHIELO
├34┤	1	17	34
├36	13	17	36977	36034	36372
├38┤	1	17	38
├oy	3	16	oyt	oyeryallen	oytden
├zo	6	16	zout	zoo	zond
├Wy	5	16	Wyders	Wydenes	Wyt
├43	15	16	436	437102	431974
├yv	2	16	yver	yverich
├35	12	16	355	351	3568
├Ic	3	16	Ick	Ichona	Ichoua
├Hw	6	16	Hwelck	Hwerck	Hwaeter
├ob	10	16	obligatie	obstakel	obstakulen
├IS┤	1	16	IS
├wt	16	16	wtgerust	wteynde	wtgebreyt
├Dr	4	15	Draerk	Draeck	Drie
├is	5	15	isser	ist	isoo
├75┤	1	15	75
├Zu	7	15	Zuratta	Zula	Zutphen
├42┤	1	15	42
├42	12	15	4240	428	420
├%┤	1	15	%
├37┤	1	15	37
├cb	6	15	cbits	cbaloupen	cbampan
├m┤	1	15	m
├29	9	15	2900	290	2905306
├Nu	9	15	Nundicipaty	Nundicipatj	Nuits
├(m	10	14	(met	(maeckende	(meest
├Eg	1	14	Egmont
├iV	4	14	iVj	iVi	iVa
├Uw	3	14	Uwelck	Uwen	Uwe
├48┤	1	14	48
├41┤	1	14	41
├45	11	14	459	45800	4500
├th┤	1	14	th
├Aa	2	14	Aan	Aaron
├eb	5	14	ebde	ebbenhout	ebbenbout
├(f┤	1	14	(f
├32	11	13	321	3244	327
├vu	8	13	vuylesieckte	vullen	vuyligheden
├oc	8	13	occasie	oculaire	och
├ff	4	13	ffi	ffearriveert	ffisuyvere
├rh	3	13	rheede	rhede	rhinocheroshoorns
├67	12	13	6702:15	67962.15.6	67262
├Im	4	13	Iman	Imven	Imam
├za	7	13	zal	zaK	zael
├(u	4	13	(uytgesondert	(uyt	(uytwysende
├V┤	1	13	V
├*┤	1	13	*
├39┤	1	13	39
├ed	7	13	edelman	edelluyden	edelen
├zi	7	12	zich	zielen	zijn
├(b	7	12	(by	(bestaende	(buyten
├(t	5	12	(tot	(ten	(te
├*s	4	12	*sConincx	*sComp	*smaents
├N┤	1	12	N
├Hv	8	12	Hvrundelyck	Hverbaelde	Hverstercken
├sp┤	1	12	sp
├87┤	1	12	87
├43┤	1	12	43
├Vi┤	1	12	Vi
├55	7	12	55000	551677:18	558
├46┤	1	12	46
├K┤	1	12	K
├37	11	12	3700	370	375
├61┤	1	12	61
├ui	8	12	uit	uialroosen	uiogen
├31	9	12	3178	316	310
├ph	8	12	phee	phy	phaya
├Uw┤	1	12	Uw
├FR	5	12	FRATER	FRANCISCO	FREES
├vd	10	11	vdn	vdlde	vdsselingh
├zy┤	1	11	zy
├74┤	1	11	74
├85	7	11	8598	8500	8516.17
├62	8	11	620	6240	6202
├31┤	1	11	31
├Ts	7	11	Tsjobbo	Tsiaja	Tsuischunad
├47┤	1	11	47
├57┤	1	11	57
├58┤	1	11	58
├Vr	8	11	Vries	Vraccura	Vriesse
├6o	1	11	6oa
├C!	6	11	C!oninck	C!ompo8tel	C!hristen
├90	4	11	900	9060	90800
├38	9	11	3800	386	3870
├41	11	11	416	4194	4176:5:3
├es	5	11	estime	estimatie	esen
├py	9	11	pypen	pylen	pynen
├ts	10	11	tsamen	tsz	tsia
├Wt┤	1	11	Wt
├ie┤	1	10	ie
├Tu	8	10	Turckse	Tuan	Turcksen
├ei	7	10	eiide	eick	eijde
├Ën	5	10	Ëngelschen	Ëngelsen	Ëngelse
├44	8	10	440	441	447
├l^	8	10	l^adviseren	l^st	l^t
├Gl	5	10	Glaesz	Gleyn	Gleen
├Is	9	10	Isoff	Ismayl	Ismaeyl
├Om┤	1	10	Om
├54┤	1	10	54
├51┤	1	10	51
├ym	5	10	ymant	ymandt	ymandl
├52┤	1	10	52
├l┤	1	10	l
├Iw	8	10	Iwveugemelte	Iwyffel	Iwaelff
├Yi	3	10	Yinck	Yisiapour	Yicerey
├[s	1	10	[sic
├pi┤	1	10	pi
├gl	8	9	glorieusen	glinsterende	glinsteren
├Pl	3	9	Planter	PlittiwaDJ	Plas
├Ov	4	9	Over	Overschie	Oversten
├Ü.	3	9	Ü.E	Ü.Ed	Ü.Etl
├'l┤	1	9	'l
├od	3	9	odTens	odieuser	odieus
├(i	5	9	(insonderheyt	(immers	(in
├eq	5	9	equipiagie	equipagie	equiperen
├Hc	6	9	Hcasteel	Hcenlo	Hcanael
├52	8	9	52294	5249652	5295
├Es	4	9	Esperance	Espcrance	Esperanca
├44┤	1	9	44
├Ë┤	1	9	Ë
├ua	5	9	uaer	uae	uaeste
├Ih	8	8	Ihollen	Iholsvryheyt	Ihoorn
├V4┤	1	8	V4
├/'	8	8	/'64145	/'944.9	/'1741
├ii	6	8	iiyt	iioch	iienden
├Vj┤	1	8	Vj
├51	8	8	5168	5173613	5152
├eu	2	8	eusten	eude
├Ëd┤	1	8	Ëd
├vc	8	8	vcrstaen	vcreeringe	vcrmaert
├..	2	8	....	...
├By┤	1	8	By
├B┤	1	8	B
├*t	8	8	*tsware	*tbyten	*tbos
├na┤	1	8	na
├Fa	6	8	Fakiry	Faichima	Farimaya
├üy	5	8	üyt	üytgewrocht	üytterlyck
├It	3	8	Item	Itrachl	Itam
├(*	2	8	(*).	(*)
├('	2	8	(')	('t
├IS	4	8	ISO	ISVs	IShondertpicoljaerlycx
├33┤	1	8	33
├Oy	4	8	Oyas	Oya	Oyed
├^^┤	1	8	^^
├57	7	8	57795	57522	576
├54	8	8	5457	54492	548
├tb	6	8	tbuynen	tbreeckers	tbeecoppen
├32┤	1	8	32
├62┤	1	8	62
├dV	6	8	dVelcke	dVoors	dVespondiers
├Wy┤	1	8	Wy
├56┤	1	8	56
├Zo	3	8	Zon	Zoisade	Zoom
├65┤	1	8	65
├Av	3	8	Aveiras	Ava	Avasen
├Ed	6	8	Edenbnrch	Edelen	Edele
├82┤	1	8	82
├75	7	7	75648	757	75550
├(z	2	7	(zynde	(zyude
├cn	5	7	cniyt	cnoopen	cnopen
├^e	7	7	^esamentlycken	^emelten	^ende
├ya	3	7	yan	yaer	yaderlant
├aa	6	7	aanbrengende	aan	aangeslagen
├l'	6	7	l'cedeeren	l'seyl	l'/a
├46	6	7	4600	469	4630
├tl	2	7	tlyck	tlieyt
├(e	6	7	(extreme	(excepto	(een
├55┤	1	7	55
├Xu	3	7	Xulla	XuUa	Xula
├ep	2	7	epde	epdelyck
├du┤	1	7	du
├iu	7	7	iusgelyckx	iuhoude	iugeladen
├(^	4	7	(^onincx	(^gereyst	(^^^^
├49┤	1	7	49
├/"┤	1	7	/"
├Yo	5	7	Yoorburgh	Yoors	Yougende
├IV┤	1	7	IV
├D*	6	7	D*0DS6	D*Engelsen	D*inwoonders
├1^	5	7	1^4	1^/4	1^2
├/*	7	7	/*6132.7	/*4773	/*11104.18.1
├Hf	2	7	Hfluytschip	Hfort
├58	6	7	58600	5850:5:1	581
├39	7	7	39842	3917	399000
├56	5	7	561	5600	562
├>┤	1	7	>
├79┤	1	7	79
├94	6	7	942	9460	9452
├SO┤	1	7	SO
├yg	1	7	ygelyck
├kl	3	7	kleyne	kleynen	kleeden
├DE┤	1	7	DE
├DO	3	7	DON	DOMINGO	DOM
├j┤	1	7	j
├CA	6	7	CAROS	CAPITEYN	CAMY
├*s┤	1	7	*s
├48	3	7	480	489	481
├Gn	7	7	Gnoflamanire	Gnoffirgnaros	GnofiBca
├(t┤	1	7	(t
├Py	2	7	Pyacha	PyachaenDodingo
├kr	5	6	krack	krygen	kreken
├t*	5	6	t*zynen	t*achterheyt	t*samen
├(l	6	6	(lopende	(leffens	(lager
├rf┤	1	6	rf
├[?	2	6	[?]	[?J
├^/	2	6	^/g	^/^
├UE┤	1	6	UE
├Ir	6	6	Irivole	Irouwloose	Irecken
├(G	4	6	(Goninck	(God	(Gode
├BR	5	6	BRIEFF	BRIEF	BRETON
├bc	6	6	bctaemt	bcsich	bcwaert
├'I	5	6	'Iwelck	'Iselve	'Ivertreck
├ea	6	6	eaickooven	ean	eanachoda
├io	5	6	iooninge	iot	ioncken
├w^	6	6	w^ert	w^dra	w^s
├76┤	1	6	76
├^d	2	6	^de	^daerinne
├I┤	1	6	I
├nu	6	6	nutticheyt	nun	nuswack
├'S┤	1	6	'S
├Il	6	6	Ille	Ilartogenboscli	Ilendrick
├33	5	6	3350	33084	338
├'/	4	6	'/s	'/a	'/j
├(e┤	1	6	(e
├77	6	6	7756	77i	77041
├*l┤	1	6	*l
├81┤	1	6	81
├88	5	6	8820.1	8886	881
├69	6	6	69900	696	690
├-┤	1	6	-
├W┤	1	6	W
├El	4	6	Eliaen	Elserac	Elj
├Oe	5	6	Oen	Oeniemedonne	Oeyn
├MA	5	6	MARCUS	MASSADJ	MASCARENHAS
├89	6	6	894465:11	89K2	8907
├dT	4	6	dTortugesen	dTi	dTalliacaise
├Z┤	1	6	Z
├92┤	1	6	92
├gd	6	6	gd)rant	gdegenlheyt	gdiaelt
├k┤	1	6	k
├5^	4	6	5^2	5^0	5^4
├\┤	1	6	\
├za┤	1	6	za
├Iv	1	6	Ivie
├n^	5	5	n^yoor	n^aer	n^t
├mé	2	5	mét	mél
├95┤	1	5	95
├ll	5	5	llberaelsten	ll«"daeraen	lliuynen
├BO┤	1	5	BO
├vv	5	5	vveltigh	vvrasch	vvackeren
├'d	5	5	'den	'daer	'die
├®┤	1	5	®
├yl┤	1	5	yl
├dw	3	5	dwingen	dwers	dwanck
├eé	5	5	eénige	eéh	eéniger
├us	4	5	usurperen	usantie	usance
├gé	5	5	gérestitueert	gébreck	gémelte
├Ko	4	5	Kouinck	Koukercken	Konnerechittj
├g^	4	5	g^effectueert	g^isponeert	g^en
├Ab	3	5	Abraham	Abdul	AbduI
├e┤	1	5	e
├Cu	5	5	Cuylenbm'gh	Cumpane	Cube
├95	5	5	955	951527:13	951
├vs	4	5	vsraermede	vsrat	vsrierd
├^o	5	5	^overvallen	^oor	^oo
├Mu	3	5	Munda	Muller	Mustasschan
├aU	2	5	aUe	aUaer
├T┤	1	5	T
├bb	4	5	bbaeren	bbar	bbaer
├74	5	5	74954	745	748
├77┤	1	5	77
├68	5	5	68098.4	682	680
├Hy┤	1	5	Hy
├82	3	5	821	820	822
├Sy┤	1	5	Sy
├Eb	3	5	Ebrehem	Ebrebem	Ebrebems
├Sl	5	5	Slrados	Slrate	Slraet
├66┤	1	5	66
├71	4	5	710	717208:10:12	712
├96	4	5	960	9688	966
├6^	3	5	6^/4	6^1	6^4
├81	4	5	81150	819466	813
├Ex┤	1	5	Ex
├uy┤	1	5	uy
├3^	2	5	3^4	3^2
├65	5	5	653	657772	65995
├az	1	5	azyn
├49	5	5	4946	490	492
├Ay	3	5	Ayjapaneyck	Ayjapanyeck	Ayerlele
├Ty	2	5	Tyssen	Tydorees
├St┤	1	5	St
├Vs┤	1	5	Vs
├72┤	1	5	72
├èn	1	5	ènde
├an┤	1	5	an
├gc	4	5	gclevert	gcmelte	gcene
├sr	3	5	srya	srj	sry
├sv	5	5	svyrarte	svnde	svtrarte
├Wt	2	5	Wtrecht	Wtgeest
├E.	1	5	E.E
├ja┤	1	4	ja
├o┤	1	4	o
├l>	4	4	l>enaerstight	l>har	l>ootsgesellen
├gf	4	4	gfooleiycx	gfeweest	gfont
├i*	4	4	i*aetspersoonen	i*^el	i*ealen
├oe	3	4	oeffenen	oen	oesse
├R┤	1	4	R
├è┤	1	4	è
├^i	3	4	^ide	^ienstigh	^it
├tv	4	4	tvi^ee	tveyffelen	tv^flelde
├BO	4	4	BOO	BONGONOCAMY	BONGONOCACMY
├er┤	1	4	er
├fs	4	4	fsynwaerts	fsynen	fsamen
├lO	4	4	lOOsiecken	lOOO	lOcoyangh
├84┤	1	4	84
├IB┤	1	4	IB
├V2┤	1	4	V2
├iy	4	4	iydelyck	iyl	iyi
├86┤	1	4	86
├Oi	3	4	Oia	Oiidewater	Oin
├ny	2	4	nyt	nytvoerende
├61	4	4	6140	617	61Vï
├67┤	1	4	67
├vf	4	4	vfemt	vfesen	vfieTi
├.d	4	4	.die	.den	.de
├Ey	2	4	Eyndelyck	Eylandes
├53	4	4	5374	53334	53920
├^n	2	4	^nde	^ni
├*T┤	1	4	*T
├92	3	4	9242	929	92B
├76	3	4	7692	765	760
├84	4	4	8477	849	848899
├63┤	1	4	63
├87	4	4	871	875	87ï
├Ie	1	4	Ier
├SV	3	4	SVi	SVs	SVj
├dc	3	4	dcselve	dcselter	dcrselver
├0┤	1	4	0
├'g	4	4	'gebleven	'gepronunlieert	'gecregen
├s'	4	4	s'ats	s'Comp	s'Conip
├AN	4	4	ANTONIO	ANDREES	ANTWOORDE
├SO	3	4	SORBYS	SOBAYA	SOO
├BA	3	4	BABBA	BATAVIA	BACKER
├59	4	4	596218	597887.16.12	597a
├*i┤	1	4	*i
├sj	4	4	sjoupos	sjecken	sjoncannen
├Ec	3	4	Echter	Ecliser	Eco
├ly┤	1	4	ly
├97┤	1	4	97
├'i┤	1	4	'i
├IV	4	4	IVi	IV2	IVa
├'m	4	4	'maer	'meede	'meer
├dy	3	4	dytsia	dya	dyamanten
├2S┤	1	4	2S
├'b	3	3	'by	'bevroeden	'bisten
├v┤	1	3	v
├Za	2	3	Zayer	Zandingb
├1B┤	1	3	1B
├(c	2	3	(comende	(corts
├m^	3	3	m^t	m^scben	m^ischen
├id	2	3	idO	ider
├.e	2	3	.ende	.eenen
├ah	3	3	ahlerliande	ahlaer	ahiyn
├Ii	3	3	IiiQuey	Iioope	Iieere
├fi┤	1	3	fi
├T'┤	1	3	T'
├nd	3	3	ndTens	ndodicb	ndemen
├«e	2	3	«erbiedelyck	«en
├ay	3	3	ayn	ays	aytvoerende
├hn	3	3	hnlpe	hnysgesin	hnn
├^v	3	3	^vordt	^vruntschap	^versocht
├y┤	1	3	y
├69┤	1	3	69
├s^	3	3	s^gagie	s^den	s^hicken
├^2┤	1	3	^2
├pn	3	3	pnnt	pngesuyverden	pnnce
├71┤	1	3	71
├dp	2	3	dpor	dpch
├óo	3	3	óorlogh	óock	óoopen
├63	3	3	634	638689.8	639
├Gb	3	3	Gbineesche	Gboromandel	Gbristenbooft
├7V	3	3	7V2	7V4	7Vs
├io┤	1	3	io
├IK┤	1	3	IK
├iV┤	1	3	iV
├v\	3	3	v\raren	v\^svoldaen	v\ras
├Sr┤	1	3	Sr
├vé	3	3	véors	vérsocht	véraccordeert
├Ye	3	3	Yersoeckende	Yenlo	Yerpoorten
├64┤	1	3	64
├P^	3	3	P^^l	P^r	P^ggers
├S^	2	3	S^JanThyszen	S^s
├93┤	1	3	93
├Ji	3	3	Jiaer	Jiet	Jiily
├aC	3	3	aCEscheyt	aCEslagh	aCsetten
├UI┤	1	3	UI
├Ly	2	3	Lyn	Lysvelt
├78┤	1	3	78
├Do┤	1	3	Do
├3B	2	3	3B0	3B8
├|┤	1	3	|
├Zi	3	3	Zinsemon	Zimbed	Zierickzee
├97	3	3	9748	9750	974
├D^	3	3	D^inbabitanien	D^onse	D^oude
├os	2	3	ossen	ostagie
├ku	3	3	kuylen	kuyen	kuntschap
├Hp	3	3	Hpicol	Hpeerien	Hpack
├gp	3	3	gpresolveert	gpelonghs	gpederen
├Wu	2	3	Wuysthoff	Wunaphe
├64	3	3	648.15	64156.14.11	64S
├uo	3	3	uoyt	uoode	uoopende
├Ho┤	1	3	Ho
├Tv	2	3	Tvdst	Tvnst
├/•┤	1	3	/•
├vt	3	3	vtertiallen	vtryse	vtnyti
├yo	2	3	yolck	yoors
├LO	3	3	LOUYS	LOWYS	LONDEN
├di┤	1	3	di
├TA	3	3	TABATO	TAYOUAN	TAYOÜAN
├AR	3	3	ARBARENDO	AROONS	ARTYGULEN
├JE	2	3	JERONIMO	JENLIGOES
├)┤	1	3	)
├IN	2	3	INSNOCAMY	INtto
├8:	3	3	8:13	8:15	8:10
├83┤	1	3	83
├1S	3	3	1S3	1S440	1S8
├&┤	1	3	&
├:1	3	3	:13:10	:18	:13
├oD	1	3	oDse
├'a	2	3	'als	'aleer
├68┤	1	3	68
├IO	3	3	IOY2	IO74	IOV4
├'h	3	3	'hope	'hadden	'had
├hd	3	3	hd>ben	hd)bende	hd>beDde
├kn	3	3	knden	knechkens	knoopen
├j^	3	3	j^ets	j^i	j^chten
├Ua	3	3	Uarrivement	Uaeese	Uaer
├én	1	3	énde
├hy	3	3	hygecomen	hyde	hyden
├md	3	3	mder	mden	mde
├da┤	1	3	da
├PH	3	3	PHILIPPO	PHHiLIPPO	PHILIPO
├66	3	3	664	662	6672
├Ij	2	3	Ijoven	Ijen
├of┤	1	3	of
├.o	3	3	.oprechten	.oorlochs	.onderhandelinge
├7i┤	1	3	7i
├4^	3	3	4^/3	4^2	4^tx
├1'	3	3	1'ayouanse	1'anara	1'samen
├3V	3	3	3Vï	3Vs	3Vi
├2^	1	3	2^2
├c┤	1	3	c
├ey┤	1	3	ey
├cf┤	1	3	cf
├:8┤	1	3	:8
├Hm	3	3	Hmaeck^n	Hmondelingh	Hmouson
├Wh	2	3	Whoddon	Whotton
├Af	3	3	AfUwoordl	AfUwoart	Afanipe
├EE┤	1	3	EE
├Hb	2	2	Hboecken	Hbegeeren
├Zy	2	2	Zyne	Zyn
├ue	2	2	uemen	uen
├ak┤	1	2	ak
├fc	2	2	fcyn	fcyne
├Of	1	2	Officieren
├My	1	2	Myn
├gy┤	1	2	gy
├.n	2	2	.niet	.nu
├'I┤	1	2	'I
├ao	2	2	aongebraght	aoo
├wé	2	2	wéderslaen	wél
├ak	2	2	aklaer	akiaer
├Hh	2	2	Hheymelyck	Hhantvat
├'l	2	2	'leylant	'llaet
├Uo	2	2	UolIanders	Uollants
├oj	2	2	ojKlat	ojider
├Te┤	1	2	Te
├t^	1	2	t^samen
├Tt	2	2	Ttdoreesen	Tttssehen
├HS	2	2	HSpaense	HSum
├bj	2	2	bjnnen	bjevaren
├dé	2	2	déselve	désen
├-d	2	2	-dat	-de
├.p	2	2	.porceleyn	.patolen
├2(	1	2	2(K
├'v	2	2	'visite	'vreede
├jn	2	2	jnochtse	jnocbte
├yy	2	2	yyanden	yyant
├ah┤	1	2	ah
├TO	2	2	TOor	TONQÜIN
├aM	2	2	aMaer	aMien
├^t	2	2	^tbygelegen	^tchin
├iO┤	1	2	iO
├Ub	2	2	Uberrebon	Ubos
├7a┤	1	2	7a
├i9┤	1	2	i9
├^s┤	1	2	^s
├2B┤	1	2	2B
├X┤	1	2	X
├eh	1	2	ehde
├6V	2	2	6Vi	6V2
├Ay┤	1	2	Ay
├ï┤	1	2	ï
├Vl┤	1	2	Vl
├8S┤	1	2	8S
├59┤	1	2	59
├c^	2	2	c^y	c^pmanschappen
├'i	1	2	'in
├.S	2	2	.Samen	.S4
├85┤	1	2	85
├tm	2	2	tmgangh	tmschen
├ir	2	2	ireffelycke	irresolutie
├La┤	1	2	La
├I7	1	2	I7i
├Eq	2	2	Equans	Equo
├Oj	1	2	Oja
├Yl	2	2	Ylieth	Ylissiogen
├.a	2	2	.anders	.ach
├tj	2	2	tjn	tjens
├Ev	2	2	Evangelio	Evert
├ig	2	2	ighsin	ignoniineus
├ts┤	1	2	ts
├&.┤	1	2	&.
├'e	1	2	'ende
├73	2	2	73921	731
├83	2	2	83709.1.12	833
├li┤	1	2	li
├ül┤	1	2	ül
├pc	2	2	pcriculen	pcpsequeeren
├I)	2	2	I)ekent	I)e
├rc	2	2	rccbl	rcslilueeren
├ln	2	2	lngeladene	lnd
├78	2	2	788	789
├}┤	1	2	}
├72	2	2	72271	721
├wc	2	2	wcge	wcchgesonden
├mj	2	2	mjes	mjlien
├aè	2	2	aèn	aèngesien
├a(	2	2	a(F	a(T
├2V	2	2	2Vi	2Vj
├có	2	2	cómt	cóntinueeren
├<^	2	2	<^^6s	<^^^U
├'w	2	2	'waren	'weynich
├Jn	2	2	Jntsie	Jnly
├ct	2	2	ctiits	cte
├uw┤	1	2	uw
├ky	2	2	kycker	kyckers
├bt	2	2	bten	bteeven
├qn	2	2	qnamen	qnaetwilligen
├EL┤	1	2	EL
├(r	2	2	(representerende	(rondelyck
├üw┤	1	2	üw
├PA	2	2	PATCfflCO	PAVU
├SA	2	2	SANTHOS	SABROSEYHON
├GO	2	2	GONSALVO	GONDITIEN
├SI	2	2	SIMON	SIAM
├VA	2	2	VAZ	VALERIO
├Ov┤	1	2	Ov
├dr┤	1	2	dr
├RE	2	2	RESOLUTIE	REQUEST
├lO┤	1	2	lO
├DE	2	2	DERAES	DEROA
├GE	2	2	GERERO	GENTYL
├BE	1	2	BENTO
├LA	2	2	LAURENS	LANFEROS
├PE	1	2	PEDRO
├Os	1	2	Osacca
├.s	2	2	.schyn	.syn
├tb┤	1	2	tb
├2:	2	2	2:9:3	2:6
├ih	2	2	ihoeten	ihol
├98	2	2	980894	987a
├'c	2	2	'coopmanschappen	'conde
├Hj	2	2	Hjacht	Hjonghste
├^a	2	2	^alliacatta	^aervan
├hm	1	2	hmi
├KO┤	1	2	KO
├Un	2	2	Unzemille	Ungangh
├(C	2	2	(Commandeur	(Code
├ée	1	2	éen
├«n	2	2	«nde	«nhebbelycke
├Pb	2	2	Pbilipo	Pbrtugesen
├ün	2	2	ünde	üngangh
├F┤	1	2	F
├96┤	1	2	96
├Qa	2	2	Qaee	Qambeauwen
├2P┤	1	2	2P
├gy	2	2	gyn	gyselaers
├73┤	1	2	73
├Jh	2	2	Jhoriten	Jhda
├ff┤	1	2	ff
├"┤	1	2	"
├ds	2	2	dsnselven	dsit
├.c	2	2	.committers	.cours
├Y2┤	1	2	Y2
├a^	2	2	a^vys	a^gewent
├^"	1	2	^"^^
├bé	2	2	bécomen	bén
├dt	1	2	dte
├SS┤	1	2	SS
├oa	2	2	oase	oae
├93	2	2	935	937
├gq	2	2	gqpresenteert	gqsonden
├tc	2	2	tchechor	tcgens
├7^	2	2	7^2	7^/4
├K5┤	1	2	K5
├r^	2	2	r^ht	r^len
├Ps	2	2	Psflimbangh	Psitanj
├ba┤	1	2	ba
├^e┤	1	2	^e
├XV	2	2	XVIII	XVICXLI
├EA┤	1	2	EA
├II┤	1	2	II
├86	2	2	866	867
├?•	1	2	?•"
├me┤	1	2	me
├98┤	1	2	98
├bs	2	2	bst	bsien
├ll┤	1	2	ll
├l*	2	2	l*seyl	l*onswaerts
├kh	2	2	khanza	khausa
├tn	2	2	tnde	tny
├cp	2	2	cpiamen	cpmen
├il	2	2	illusoir	iluyt
├-c	2	2	-coopen	-cargasoen
├vq	2	2	vqldaen	vqlcht
├sé	1	2	sélve
├53┤	1	2	53
├^4┤	1	2	^4
├^«	1	2	^«^
├Gy	2	2	Gyluyden	Gyselingh
├£d┤	1	2	£d
├3B┤	1	2	3B
├AA	2	2	AARON	AARo
├88┤	1	2	88
├.v	2	2	.voort	.vermerckende
├.M	2	2	.Maart	.Mangsor
├"/	2	2	"/^	"/ie
├J┤	1	2	J
├Y┤	1	2	Y
├\W	2	2	\Wsten	\Wl
├ai┤	1	2	ai
├I^	2	2	I^^t	I^xamana
├4V	2	2	4V29	4V2
├Ër	2	2	Ërieff	Ërangh
├*T	1	2	*Tis
├wè	1	2	wèl
├Sr	2	2	Sry	Srydewa
├91┤	1	2	91
├np	2	2	npodich	npch
├:4┤	1	2	:4
├Tc	2	2	Tchili	Tchilj
├L┤	1	2	L
├Bh	1	1	Bharent
├79	1	1	79756
├l}	1	1	l}eper
├"i	1	1	"is
├Mr┤	1	1	Mr
├\V┤	1	1	\V
├TU	1	1	TUANSLAET
├hö	1	1	höuffysers
├UE	1	1	UEd
├Gó	1	1	Gódt
├Zp	1	1	Zpe
├(«	1	1	(«der
├jt	1	1	jtfalacca
├;d	1	1	;daer
├/a	1	1	/aiOSTroiia
├/"	1	1	/"öTOlS
├Sf	1	1	Sfaen
├'o	1	1	'omtrent
├/^	1	1	/^45089:2:2
├•a	1	1	•al
├cy	1	1	cypous
├Ue┤	1	1	Ue
├'/┤	1	1	'/
├/v	1	1	/vry
├HG	1	1	HGasteelpleyn
├ré	1	1	ré&el
├3.	1	1	3.a
├S9	1	1	S994
├:3┤	1	1	:3
├tï	1	1	tïonincklycke
├HC	1	1	HCasleel
├öi	1	1	öide
├Cs	1	1	Csiobbe
├ÜE┤	1	1	ÜE
├l»	1	1	l»ehoorden
├^h	1	1	^handt
├•T	1	1	•Tarnataense
├ji	1	1	jirauwen
├ön	1	1	öntbooden
├HN	1	1	HNederlants
├(^┤	1	1	(^
├BH	1	1	BHIEFF
├uc	1	1	ucken
├Nu┤	1	1	Nu
├n>	1	1	n>et
├he┤	1	1	he
├bö	1	1	böAge
├uj	1	1	ujtvoeren
├ad┤	1	1	ad
├lö	1	1	löO
├(S	1	1	(Souvemeur
├ló┤	1	1	ló
├wl	1	1	wlert
├ta┤	1	1	ta
├Cc	1	1	Ccylon
├®)	1	1	®)^
├v?	1	1	v?el
├.1	1	1	.11
├tü	1	1	tüét
├sq	1	1	sqecken
├lK	1	1	lK)ort
├^m	1	1	^macfatsaemheyt
├eö	1	1	eöde
├J^	1	1	J^ly
├^k	1	1	^kere
├wf	1	1	wflden
├«O	1	1	«Om
├Kd	1	1	Kdangh
├-v	1	1	-vande
├IB	1	1	IBOO
├zQ	1	1	zQn
├s(	1	1	s(Niderlingen
├Bn	1	1	Bngelsen
├Eo	1	1	Eogelsche
├uU	1	1	uUimo
├^A	1	1	^Ady
├«t	1	1	«tegen
├v<	1	1	v<raren
├t)	1	1	t)ên
├*V	1	1	*V4
├.w	1	1	.weynigh
├IP┤	1	1	IP
├ot	1	1	otte
├pp	1	1	ppdat
├•e	1	1	•ende
├ED	1	1	EDgelsen
├Jm	1	1	Jmiy
├(M	1	1	(Miphant
├oK	1	1	oKe
├Hl	1	1	Hlant
├jk	1	1	jkren
├Aq	1	1	Aquapulca
├ii┤	1	1	ii
├G^	1	1	G^nerael
├^D	1	1	^Den
├1.	1	1	1.8
├at┤	1	1	at
├Uy┤	1	1	Uy
├il┤	1	1	il
├ïö┤	1	1	ïö
├By	1	1	Bymelepatnam
├^p	1	1	^pril
├Uh	1	1	Uhinanna
├B2	1	1	B277
├5.	1	1	5.3.8
├Ré	1	1	Réle
├sh	1	1	shi
├ia	1	1	iant
├"h	1	1	"hem
├OV	1	1	OVsa
├*l	1	1	*lcheer
├/0┤	1	1	/0
├«i	1	1	«itters
├§y	1	1	§ynde
├/t	1	1	/tvertreck
├9.	1	1	9.10
├la┤	1	1	la
├.P	1	1	.Piscadores
├vè	1	1	vèrlateo
├Ah	1	1	Ahnogenden
├Èc	1	1	Èchade
├^n┤	1	1	^n
├o#	1	1	o#Ü
├iD	1	1	iDtermissie
├a£	1	1	a£f
├i7	1	1	i7sgewas
├Us	1	1	Uselve
├tl┤	1	1	tl
├Mo┤	1	1	Mo
├Öa	1	1	Öaer
├TÜ	1	1	TÜeger
├Pd	1	1	Pdlimbangh
├4'	1	1	4'eenige
├£s	1	1	£scoursén
├v«	1	1	v«raerop
├Oh	1	1	Ohiod
├(H	1	1	(Hwelck
├"\┤	1	1	"\
├Uc	1	1	Ucht
├IJ┤	1	1	IJ
├aS	1	1	aSscheyt
├^0┤	1	1	^0
├RO	1	1	RODRIGO
├GA	1	1	GARVAILLO
├üw	1	1	üwe
├rÉ	1	1	rÉach
├PL	1	1	PLACCAET
├n#	1	1	n#er
├SE	1	1	SEBASTIAEN
├CO	1	1	CORTADO
├DR	1	1	DRE60
├FE	1	1	FERNANDO
├JÜ	1	1	JÜAN
├™V	1	1	™V^r^
├LE	1	1	LEMONTE
├Dè	1	1	Dèse
├6y┤	1	1	6y
├dk	1	1	dkerboven
├ót	1	1	ótn
├eg	1	1	egeene
├(T	1	1	(TSIÜSSONANO
├OY	1	1	OYENOCAMY
├OR	1	1	ORDONNANTIE
├Ax	1	1	Axuna
├!?	1	1	!?•
├TS	1	1	TSUISSIMANOCAMY
├dö┤	1	1	dö
├7-	1	1	7-Auffustvl
├1:	1	1	1:15
├5:	1	1	5:10
├Uu	1	1	Uuytsetten
├4Q	1	1	4QP
├VD	1	1	VDor
├a2┤	1	1	a2
├6:	1	1	6:2
├wn	1	1	wnven
├/i	1	1	/ia
├aU┤	1	1	aU
├Sq	1	1	Sqiits
├Io	1	1	Ioock
├Tl	1	1	Tloortster
├dm	1	1	dmgen
├dd	1	1	ddgelycks
├jp	1	1	jpersoónea
├j)	1	1	j)ock
├6Ö┤	1	1	6Ö
├A9┤	1	1	A9
├-l	1	1	-lont
├3p	1	1	3peelen
├aJ┤	1	1	aJ
├IK	1	1	IKEngelsen
├2S	1	1	2S6
├.r	1	1	.rycke
├!s┤	1	1	!s
├(┤	1	1	(
├tè┤	1	1	tè
├Xi	1	1	Xis
├gö	1	1	göuts
├*S┤	1	1	*S
├3(	1	1	3(K
├?"	1	1	?"•
├^2	1	1	^2592
├ok	1	1	okers
├Bg	1	1	Bgmont
├4:	1	1	4:5
├jg	1	1	jgeoost
├b(	1	1	b(Hidert
├em┤	1	1	em
├ür	1	1	ürangebooin
├8o	1	1	8oude
├S6┤	1	1	S6
├iF	1	1	iFOort
├Up┤	1	1	Up
├®°	1	1	®°^^
├"v	1	1	"vwlies
├4)	1	1	4)ff
├Cp	1	1	Cpmp
├Gf	1	1	Gfoa
├^T┤	1	1	^T
├i^	1	1	i^u
├Bk	1	1	Bk)ck
├nK	1	1	nK)chte
├oy┤	1	1	oy
├vk	1	1	vk)Ote
├Wd	1	1	Wdbrant
├dë	1	1	dënselven
├S'	1	1	S'/s
├pV┤	1	1	pV
├dê┤	1	1	dê
├#┤	1	1	#
├pa┤	1	1	pa
├bp	1	1	bpae
├<f┤	1	1	<f
├éh	1	1	éhde
├.u	1	1	.uyt
├mm	1	1	mmite
├öy	1	1	öyt
├qi	1	1	qibouden
├S4	1	1	S40
├Ma┤	1	1	Ma
├<l	1	1	<lat
├Hr	1	1	Hroode
├cè	1	1	cènto
├kq┤	1	1	kq
├*"┤	1	1	*"
├öö	1	1	öö...lü
├?>┤	1	1	?>
├Vy	1	1	Vycerey
├^"┤	1	1	^"
├Oö	1	1	Oödewater
├2ö┤	1	1	2ö
├pé	1	1	pér
├'D	1	1	'Douta
├Vz┤	1	1	Vz
├'^	1	1	'^^^
├En┤	1	1	En
├ys┤	1	1	ys
├$o	1	1	$omme
├lÓ	1	1	lÓO
├db	1	1	dbenr
├4i	1	1	4iyt
├i\	1	1	i\ae
├tó	1	1	tót
├qI	1	1	qIs
├CJ	1	1	CJomp
├fS┤	1	1	fS
├Mm	1	1	Mmn
├&*┤	1	1	&*
├^.┤	1	1	^.
├[L	1	1	[Luytenants
├»w┤	1	1	»w
├J2	1	1	J2rcd[)sz
├Yj┤	1	1	Yj
├-[	1	1	-[des
├7j┤	1	1	7j
├k)	1	1	k)opende
├Dc┤	1	1	Dc
├4n┤	1	1	4n
├Lf	1	1	Lftnmen
├ml	1	1	mllen
├ho┤	1	1	ho
├as┤	1	1	as
├'k┤	1	1	'k
├(y	1	1	(ydich
├HU┤	1	1	HU
├2B	1	1	2B0
├d(	1	1	d(it
├t&	1	1	t&ü
├öo	1	1	öonnen
├9V	1	1	9V2
├^s	1	1	^sta
├Ao┤	1	1	Ao
├só	1	1	sóude
├lY	1	1	lYj
├bm	1	1	bmboe
├sb	1	1	sbv
├Qp	1	1	Qprstdaeehs
├Qi	1	1	Qierrebon
├1B	1	1	1B6
├^0	1	1	^00
├óv	1	1	óvergelevert
├99	1	1	991
├dé┤	1	1	dé
├jc	1	1	jconde
├wd┤	1	1	wd
├3g┤	1	1	3g
├vó	1	1	vóorschreve
├Jd	1	1	Jdpander
├S7	1	1	S748
├v(	1	1	v(m
├ao┤	1	1	ao
├Ob	1	1	Obia
├sU	1	1	sUver
├^u	1	1	^usschen
├ek	1	1	ekx
├wd	1	1	wdtnthoe
├"e	1	1	"ende
├gë	1	1	gëremonstreert
├^P	1	1	^Portugesen
├'N	1	1	'Neederlanderen
├7s┤	1	1	7s
├2.	1	1	2.11.14
├-'	1	1	-'s
├~~	1	1	~~R
├»»┤	1	1	»»
├pp┤	1	1	pp
├Üe	1	1	Üenemercken
├89┤	1	1	89
├yn	1	1	ynde
├[P	1	1	[Palembang
├Ib	1	1	Ibroon
├mc	1	1	mcrilerende
├hr	1	1	hrieff
├Sm	1	1	Smedweych
├g┤	1	1	g
├'p	1	1	'peper
├cc	1	1	ccn
├s[	1	1	s[oupos
├q┤	1	1	q
├•>┤	1	1	•>
├>)┤	1	1	>)
├Óp	1	1	Ópra
├Pr┤	1	1	Pr
├Xa	1	1	Xacu
├_┤	1	1	_
├-e	1	1	-ende
├dy┤	1	1	dy
├Ja┤	1	1	Ja
├I8	1	1	I8V4
├^Y┤	1	1	^Y
├W7	1	1	W7t
├i)	1	1	i)reeckende
├ÏÈ┤	1	1	ÏÈ
├))	1	1	))esettingh
├dj	1	1	djiet
├.C	1	1	.Coninck
├Ea	1	1	Eat
├Gè	1	1	Gèrams
├ül	1	1	üliassers
├éo	1	1	éoppen
├JO┤	1	1	JO
├cü	1	1	cüst
├Ip	1	1	Ipere
├[^	1	1	[^tc
├Ya┤	1	1	Ya
├HI	1	1	HIast
├9P┤	1	1	9P
├(]	1	1	(]oluaringer
├ry┤	1	1	ry
├Sd	1	1	Sdouck
├«u	1	1	«uilen
├-t	1	1	-te
├E^	1	1	E^Ise
├'n	1	1	'nae
├M)	1	1	M)p
├aE	1	1	aEstaen
├Pé	1	1	Pérsia
├ar┤	1	1	ar
├ö┤	1	1	ö
├8^	1	1	8^/4
├pr┤	1	1	pr
├SB	1	1	SB^g
├a3	1	1	a30
├DV	1	1	DVoorschreve
├mg	1	1	mgge
├'^┤	1	1	'^
├^-┤	1	1	^-
├Je┤	1	1	Je
├-8	1	1	-80
├Ai	1	1	Aiet
├.3	1	1	.3Vi
├bë	1	1	bësyden
├K2	1	1	K25
├Sv	1	1	SvanTegal
├.t	1	1	.tot
├Hq	1	1	Hqllant
├b┤	1	1	b
├Uv	1	1	Uvooren
├.m	1	1	.macht
├«-┤	1	1	«-
├vë	1	1	vëmieuwingh
├sS	1	1	sSWe
├nï	1	1	nïetten
├sd	1	1	sdieltwoorden
├yc	1	1	yck
├aQ	1	1	aQoopen
├nl	1	1	nletale
├8V	1	1	8Vi
├èe	1	1	èen
├5Ó┤	1	1	5Ó
├S9┤	1	1	S9
├pf┤	1	1	pf
├EX	1	1	EXTRACT
├^B	1	1	^Brouck
├cq	1	1	cqyangh
├^r	1	1	^roote
├iv	1	1	ivont
├i5┤	1	1	i5
├SU	1	1	SUlebhaer
├d<	1	1	d<f
├mn	1	1	mnytenatie
├%0┤	1	1	%0
├&^	1	1	&^.
├gU	1	1	gUlions
├2Y┤	1	1	2Y
├|n	1	1	|net
├€n	1	1	€nde
├■┤	1	1	■
├jo┤	1	1	jo
├BC┤	1	1	BC
├4B	1	1	4B0
├Bs	1	1	Bsmtamse
├>T	1	1	>Tye
├tV	1	1	tVeegen
├(O	1	1	(Onder
├D┤	1	1	D
├DI	1	1	DIEGO
├ZO	1	1	ZOUSA
├ME	1	1	MENEZEZ
├MO	1	1	MORAIS
├PI	1	1	PIMENCA
├ï^	1	1	ï^a
├ci┤	1	1	ci
├\n	1	1	\nlde
├(U	1	1	(Ulto
├<t┤	1	1	<t
├''	1	1	''S
├'q	1	1	'quamen
├&*	1	1	&*.
├94┤	1	1	94
├5p┤	1	1	5p
├-2	1	1	-2yde
├Ct	1	1	Cteen
├"3	1	1	"34
├fï	1	1	fïuytschip
├nv	1	1	nvierken
├jd	1	1	jdaer
├^P┤	1	1	^P
├^a┤	1	1	^a
├^j┤	1	1	^j
├ón	1	1	ónder
├Ö1	1	1	Ö17436
├B6	1	1	B615
├[l	1	1	[lacken
├II	1	1	IIV2
├Üt	1	1	Ütk^Adi
├kw	1	1	kwart
├«.┤	1	1	«.
├®'┤	1	1	®'
├yX┤	1	1	yX
├é┤	1	1	é
├^1┤	1	1	^1
├tg	1	1	tgescholden
├4S┤	1	1	4S
├lË┤	1	1	lË
├(?	1	1	(?)
├WI	1	1	WILLEM
├IN┤	1	1	IN
├WY	1	1	WYLDS
├dü	1	1	dülo
├Kh	1	1	Khahou
├'B	1	1	'Bantam
├Pa┤	1	1	Pa
├S8┤	1	1	S8
├F^	1	1	F^geran
├2g┤	1	1	2g
├^7	1	1	^7en
├UO	1	1	UOcattjagulhout
├Ü'	1	1	Ü'advisen
├A(	1	1	A(chin
├Ëe	1	1	Ëendracht
├"r	1	1	"rn
├zc	1	1	zceluyden
├a?	1	1	a?s
├nm	1	1	nmer
├ol┤	1	1	ol
├yr	1	1	yry
├Üo	1	1	Üominicus
├3e	1	1	3eltr8
├on┤	1	1	on
├tf	1	1	tfangen
├(ü	1	1	(üoninck
├IG┤	1	1	IG
├Vu	1	1	Vua
├xa	1	1	xattamira
├^y	1	1	^yn
├SP	1	1	SPEGIPIGATIE
├dl┤	1	1	dl
├JO	1	1	JOHN
├ST	1	1	STALLON
├cö	1	1	cöntingh
├UU	1	1	UUimo
├OL	1	1	OLE
├oU	1	1	oUa
├h^	1	1	h^ft
├Tb	1	1	Tbyssen
├wl┤	1	1	wl
├Si┤	1	1	Si
├;s	1	1	;sal
├\a	1	1	\an
├Pö	1	1	Pörtugeesen
├se┤	1	1	se
├(J┤	1	1	(J
├g*	1	1	g*obligeert
├m;	1	1	m;mieren
├e«	1	1	e«re
├Bf	1	1	Bfaiy
├iq┤	1	1	iq
├^7┤	1	1	^7
├3«	1	1	3«n
├.^	1	1	.^7
├^9┤	1	1	^9
├ft	1	1	ftboscruytjaerlycx
├dM	1	1	dMuyden
├'G	1	1	'Glaes
├;*	1	1	;*soo
├DT	1	1	DTortuge^n
├4B┤	1	1	4B
├VU	1	1	VUeth
├iw	1	1	iwpective
├4n	1	1	4nstantien
├SI┤	1	1	SI
├fa┤	1	1	fa
├hè	1	1	hèefl
├Md	1	1	Mdcota
├sf	1	1	sfelten
├^o┤	1	1	^o
├s┤	1	1	s
├\V	1	1	\VaereD
├aL	1	1	aLs
├'E	1	1	'Ed
├-o	1	1	-onecnicheyt
├Gm	1	1	Gmlt
├sï	1	1	sïen
├vy┤	1	1	vy
├1)	1	1	1)estemder
├am┤	1	1	am
├An┤	1	1	An
├hc	1	1	hctselve
├2'	1	1	2'/2
├"l	1	1	"lasten
├\%┤	1	1	\%
├FI	1	1	FIALHO
├FA	1	1	FARERA
├Ia	1	1	Iaat
├xe	1	1	xeraphin(sd'bhar
├Èi	1	1	Èinnen
├iM	1	1	iMwffsche
├i'	1	1	i'calen
├re┤	1	1	re
├91	1	1	9141
├VV	1	1	VVollon
├C4	1	1	C4hinees
├aO┤	1	1	aO
├Wl	1	1	Wlhamers
├Qj	1	1	Qjppercoopman
├Sg	1	1	Sgiroffel
├"d	1	1	"door
├yi	1	1	yisschers
├aO	1	1	aOoopen
├^t┤	1	1	^t
├e&	1	1	e&k
├KH	1	1	KHsily
├vj	1	1	vjin
├HH	1	1	HHittoese
├z^	1	1	z^l
├Of┤	1	1	Of
├ib┤	1	1	ib
├*♦┤	1	1	*♦
├1K	1	1	1K8880
├£a	1	1	£assimir
├9^	1	1	9^2
├bg	1	1	bgie
├Ya	1	1	Yande
├P/	1	1	P/2
├Is┤	1	1	Is
├d.	1	1	d.at
├1K┤	1	1	1K
├K2┤	1	1	K2
├WU	1	1	WUIemsz
├2*	1	1	2*/2
├JQ	1	1	JQgens
├iq	1	1	iqwoonderen
├dv	1	1	dvsringen
├be┤	1	1	be
├2Y	1	1	2Yi
├C(	1	1	C(mi$^iinme
├2K┤	1	1	2K
├^W┤	1	1	^W
├(4┤	1	1	(4
├j7	1	1	j7en
├:2	1	1	:2:l4
├c6	1	1	c6nditien
├IF┤	1	1	IF
├wQ┤	1	1	wQ
├hé	1	1	hét
├ik┤	1	1	ik
├Hu┤	1	1	Hu
├JA	1	1	JAN
├TH	1	1	THYSSEN
├Ig	1	1	Ignatio
├;^	1	1	;^den
├(2	1	1	(25
