 pr 	1
pH 	1
 Pr 	1
 ST	1
xz 	1
 DR	1
 fS 	1
mj 	1
 Kh	1
nS 	1
hn 	1
 Bh	1
jr 	1
tv 	1
rw 	1
 pp 	1
CT 	1
lK 	1
 Mr 	1
 KH	1
 Sm	1
Ds 	1
 TH	1
Ms 	1
 BH	1
sr 	1
HN 	1
DS 	1
sS 	1
lv 	1
vs 	1
rf 	1
Gs 	1
ST 	1
lS 	1
dS 	1
cT 	1
 PL	1
 SP	1
 TS	1
 ts 	2
sd 	2
gd 	2
 SS 	2
 kh	2
NS 	2
fF 	2
Ts 	2
Dt 	2
 dr 	2
pj 	2
Ls 	2
 ff 	2
DJ 	2
rb 	2
hj 	2
 Vl 	2
 kn	3
lk 	3
jn 	3
js 	3
lc 	3
 Wh	3
 PH	3
 Sr 	3
pp 	3
kc 	3
lF 	3
fT 	3
pS 	3
ss 	4
rg 	4
FF 	4
 sj	4
ds 	5
 Vs 	5
 dw	5
 Sl	5
ph 	5
 St 	5
gt 	5
xs 	5
rk 	5
 kr	6
 BR	6
lT 	6
 rf 	6
 kl	7
 cn	7
 Gn	7
ws 	8
rL 	8
Vs 	8
lx 	9
 Pl	9
gj 	9
 gl	9
êx	10
 ei	10
bd	10
sy 	10
 Yi	10
 Gl	10
AR	10
mw	10
 Om 	10
cj	10
 pi 	10
za	10
yk	10
ER 	10
 ie 	10
 Iw	10
 ym	10
 Ën	10
 Is	10
ai 	10
 Tu	10
AM	10
fa 	10
Ue 	10
ER	10
sf	11
uo	11
oi 	11
 Ts	11
 es	11
 py	11
 Vr	11
lm 	11
wa 	11
RE	11
én 	11
CA	11
EN	11
 Wt 	11
d'	11
gs 	11
fh	11
hb	11
tk	11
ku	11
 zy 	11
uk	11
 ts	11
if 	12
 ph	12
êm	12
t-	12
sj 	12
ab 	12
 sp 	12
 Uw 	12
 Vi 	12
iï	12
 FR	12
r-	12
gf	12
bj	12
 zi	12
nu 	12
AT	12
yu	12
Ge	12
ix 	12
 ui	12
-G	12
si 	12
kj 	13
eh 	13
ér	13
's	13
Ui	13
eb 	13
wu	13
 oc	13
êy	13
e'	13
 ed	13
di 	13
 Im	13
hn	13
Vi 	13
 vu	13
 rh	13
ix	13
 za	13
gt	14
 Uw	14
 Eg	14
ho 	14
lf 	14
kk	14
wr	14
ii 	14
éy	14
 th 	14
 eb	14
lk	14
 Aa	14
bh	14
hv	14
xr	14
po 	14
'e	14
dh	14
xt 	14
ow	14
 Zu	15
im 	15
ji	15
 is	15
 Dr	15
 Nu	15
so 	16
 Ic	16
VE 	16
 ob	16
 Wy	16
 oy	16
gm	16
 yv	16
 IS 	16
fv	16
rj	16
 zo	16
uy 	16
dw	16
nc 	17
mc	17
eë	17
 MI	17
 ko	17
lp 	17
ON	17
no 	17
IV	17
cn	17
'i	17
cy	17
SI	18
yp 	18
fe 	18
 Sw	18
 Ex	18
rq	18
IS	18
't 	18
 Ka	18
 Gu	18
bj 	18
 wr	19
 Iq	19
ze	19
'a	19
py	20
 Wo	20
 Om	20
mg	20
dc	20
 ev	20
 af 	20
ef 	20
xd	20
SS	20
fi 	20
 eo	21
lj	21
 Ul	21
aj	21
 Er	21
ok	21
fr	21
fu	21
ka 	21
cs 	21
ld 	22
iw	22
 Bu	22
 ag	22
ln	22
hm	22
dl	22
ni 	22
gu 	23
ky	23
rn 	23
zy	23
nk	23
 Ry	23
sé 	23
oj	23
vo 	23
ti 	23
 TR	24
fb	24
ua 	24
 Je	24
Co	24
 oi	24
cs	24
 Sn	24
pk	24
 Gi	24
 Ni	25
np	25
wt 	25
 Ae	25
up 	25
SL	25
ET 	25
ob 	25
hg	25
hc	25
Ue	26
 Oo	26
 Ph	26
ea 	26
 Eu	26
ro 	26
ui 	26
 Ot	26
ym 	26
 Fo	26
 Ri	26
LA	26
yh	26
pb	26
 sm	27
pc	27
 Ci	27
gl	27
km	27
 ci	27
ng 	27
fc	27
yi	27
oc 	27
AE	27
 Ze	28
xt	28
i'	28
 fu	28
NS	28
 Bl	28
kw	28
ën 	29
 Lu	29
 ai	29
 Uy	29
 ul	30
ul 	30
 fe	30
sb	30
kb	30
 Hu	30
vu	30
rp 	30
ux 	30
eé	31
 at	31
 aj	31
fk	32
 ab	33
li 	33
ko	33
kr	33
oy 	34
ep 	34
sr	34
 Du	34
tp	34
 g'	34
uf	34
 Va 	34
AN	35
ed 	35
 wt 	35
kl	35
dm	35
pa 	35
gn	35
 ka	35
RA	36
va 	36
 ef	36
 St	36
mn	36
lb	36
ën	36
 Pu	36
Ua	37
 sn	37
 Tw	37
mh	37
 In 	37
 ie	37
 Ru	38
 it	38
kj	38
rm 	39
kx 	39
ic 	39
 Ag	40
ml	40
 Ac	40
nq	41
Ed 	41
 'T 	41
ba 	43
yb	43
od 	43
 pu	44
nj 	44
ga 	44
 Ou	44
 fr	44
eê	44
fy	44
gs	44
sq	44
eo 	44
 em	45
 fi	45
by	45
rf	46
ao 	46
sv	46
 Op	46
iy	46
mr	47
 Th	47
 Sc	48
 Ol	48
sj	48
yp	48
 fy	49
 au	49
ps 	50
 Tr	50
 Ee	50
xe	50
 Vi	51
 Vl	51
cx	51
 im	51
ms 	52
ri 	52
yw	52
ue 	52
rk	53
vl	53
gb	54
 Ie 	54
 ce	54
 av	54
 As	54
 Re	55
 zu	55
 Le	55
jo	56
my	56
 Sy	57
ds	57
bt	58
je 	58
au 	58
mu	58
ex	58
 Fe	59
 Oc	59
ao	61
 Fi	61
bs	62
ju	62
ej	62
 Ap	62
 D' 	62
 uw	62
 ju	62
 Or	63
sk	63
 Ro	63
nm	64
 Au	64
 On	66
dt	66
 Bi	66
ks 	66
ië	67
ir 	67
pu	67
rl 	67
 er	69
 Fr	69
ax	70
hy 	70
 gh	71
xc	71
 Gh	71
sh	71
nf	72
co 	72
hl	72
 Cr	73
tm	73
fo	73
 el	74
iu	74
 Ve	74
gc	74
 Ki	75
ib	76
ei 	77
 ye	78
xa	78
 Cl	78
 Va	78
 Mi	79
aw	79
tf	79
nr	80
 Pi	80
dy 	80
mo 	81
ek 	82
sy	83
um 	83
ka	83
 tu	84
ya 	85
ks	85
 Ar	85
mt	85
fs	87
nj	87
sn	87
ny	89
ii	89
ac 	90
 Br	90
ym	90
bt 	91
ny 	91
ja 	91
 ft 	91
sw	92
cq 	92
oa	92
pd	93
yo 	93
hd	94
 nu 	94
uh	94
xp	94
lw	95
kh	95
dy	96
 No	97
 Ce	97
ty 	97
 Di	98
 th	98
vy	98
go 	100
lm	101
 Ad	101
 Wi	102
 ys	104
aa	105
 Do	105
 fa	105
 Pr	105
 wy 	106
 Hi	106
bu	107
 ze	107
ly 	107
up	108
dj 	108
 lu	108
 ki	109
yo	109
sz 	109
do 	110
 Bo	112
lr	112
 as	113
 Al	113
ey 	113
 Ti	113
 ap	113
io 	113
ce 	115
lj 	117
 mu	117
 Sp	117
 ol	117
 cu	118
ja	118
 Vo	119
 Op 	119
ct 	120
ub	122
td	123
kt	123
 Me	124
 yd	127
 wy	128
 We	130
lo 	131
fa	133
 bh	133
 ec	134
fs 	134
sd	134
sm	135
la 	136
 ru	136
eu 	138
 vl	138
uw 	138
 Qu	140
 Ju	140
dj	142
sa 	142
cq	144
tn	146
um	146
ps	146
 ly	147
bo 	147
ha 	147
oh	148
 fo	148
 ri	148
tc 	149
tb	149
 am	150
eo	150
ma 	150
vr	152
by 	153
pg	153
pe 	154
yr	154
oa 	154
 At	156
ki	160
 Ke	160
 by	161
tj 	162
 hy 	162
 po	163
fd	163
tx 	166
 In	168
 Sa	170
tj	172
ou 	173
 Lo	173
 Am	173
 t' 	174
if	174
fl	174
rp	174
md	174
be 	175
 's 	176
 To	176
 ex	176
 Gr	177
 et	178
wy	181
ry 	183
 Li	185
 Be	185
nb	186
 gu	186
 Pe	186
nd 	187
 ke	188
nh	188
us 	189
gu	192
 Na	192
 La	193
bl	195
ai	195
cl	198
rj 	199
rd 	199
th 	200
 Te	202
 Jo	202
 Ra	204
bi	204
 De 	205
su	206
yf	206
 An	208
cr	210
ta 	210
du	210
fg	213
we 	213
yl 	215
il 	218
pt 	220
 He	220
af	221
 my 	221
tl	221
eq	223
lp	224
he 	225
om 	225
fi	226
cb	226
 Su	227
 sw	227
 ou	228
 al 	228
 gi	230
 Si	231
 dr	232
pt	233
 ch	235
 Ho	235
oy	236
 Ta	238
 du	238
ah	238
wi	242
 Se	243
 ac	245
ap 	245
da 	246
ob	247
nv	247
gr	247
 cr	248
os 	249
 do 	251
 Ha	252
hs	252
 Mo	253
io	257
nu	258
lf	258
ci	260
 bu	261
 hi	262
 zy	262
ms	262
 my	263
 So	264
 sp	269
 vy	270
 tr	272
 fl	272
 or	273
 Wa	274
op 	277
 ra	279
 sy 	280
nw	281
pl	284
 Da	284
 li	289
 En	290
 je	291
lh	291
je	293
 tw	293
 lo	294
na 	297
ee 	298
 Ne	298
mt 	299
dv	302
ak	303
go	309
 ad	311
tc	312
is 	313
 vi	313
ar 	315
nl	317
 bi	318
oi	319
cu	323
ui	327
it 	329
 ta	333
 om	336
ca 	341
ei	347
ip 	348
in 	348
ek	349
ab	351
hy	357
sp	357
ph	359
 Ga	366
tv	366
 pi	368
 sl	368
ay 	373
tg	374
 ic	375
au	376
 pl	376
ol 	385
ya	386
 ti	390
 Po	392
rb	394
 Ed 	398
ad 	403
ut	404
 ar	406
ye	409
tw	409
yv	410
 jo	416
gg	420
ip	427
pi	428
po	436
 ro	441
 wo	444
ty	445
 Ge	463
mo	464
yg	469
ia 	474
hu	476
 ba	477
of	480
 bl	482
pr	485
im	491
 si	493
 af	494
ra 	495
fe	496
 ty	496
ce	498
ir	500
ct	500
 le	512
pm	515
 ey	519
qu	523
do	525
hs 	525
lg	528
 is 	535
 Ch	536
 Ca	538
 De	540
sl	545
rh	550
 qu	551
ue	555
ut 	558
ay	559
 Pa	562
sg	563
rv	578
gi	579
 ga	580
ug	580
mp	589
ye 	597
me 	602
to 	606
ft 	614
 ne	614
yl	618
 ry	643
 bo	643
rw	645
uv	646
av	646
kt 	648
cc	659
uw	659
id	666
wo	666
mp 	670
ba	671
un 	675
og	682
oe 	686
al 	689
cx 	689
mi	698
br	703
em 	714
vi	722
ia	733
iv	736
 pe	738
dr	738
no	747
am 	751
un	759
 en 	765
 br	768
lt 	769
th	771
 Ba	775
hr	778
ft	786
 vr	786
ov	791
ru	792
 gr	793
ur 	813
on 	816
eh	819
os	825
bo	860
ff 	862
 op	863
ry	873
 of	878
lu	879
 Go	879
dt 	888
 by 	893
lt	896
ys 	899
 no	901
ls	905
ca	906
 cl	919
ur	940
 pr	940
us	948
 ja	951
rm	956
 Ja	957
 ov	961
 su	969
pp	972
mb	983
rr	985
va	988
 mi	1001
 sa	1012
rg	1016
uc	1018
 om 	1034
ys	1046
 wi	1046
ea	1048
 hu	1061
na	1080
tu	1081
ua	1082
od	1085
ke 	1090
 ho	1101
bb	1103
 oo	1104
gh	1106
 ca	1110
vo	1145
to	1156
il	1158
 mo	1162
ff	1170
 pa	1175
yt	1183
 te	1186
wa	1196
ew	1196
ef	1209
sa	1215
mm	1228
yd	1238
ep	1243
 go	1246
ot	1254
pa	1254
rn	1254
 an	1284
eu	1286
le 	1288
rc	1325
ts 	1357
 uy	1360
 't 	1380
ne 	1387
es 	1408
tt	1427
ul	1431
op	1436
ap	1444
lo	1468
lc	1472
ag	1482
 Co	1493
st 	1503
hi	1525
ae 	1561
 Ma	1578
oo 	1581
 sc	1622
ld	1649
rl	1656
ga	1667
 st	1671
is	1674
 in	1712
we	1731
 la	1748
 op 	1748
ha	1764
ve 	1769
be	1770
di	1781
ht	1782
lv	1787
si	1790
nn	1793
 d' 	1796
re 	1805
 se	1805
am	1820
ot 	1843
 ni	1858
ho	1858
dd	1858
ts	1918
li	1947
as 	1950
ls 	1970
ns 	1983
 re	2006
tr	2024
 do	2063
 to	2070
ss	2084
as	2092
ol	2116
yn	2147
it	2169
da	2196
gh 	2204
se 	2207
or 	2208
ig	2223
so	2240
eb	2241
ge 	2274
ma	2275
 in 	2289
ud	2305
nc	2325
 di	2369
rs 	2398
ht 	2404
uy	2472
co	2558
ch 	2624
 ma	2639
yt 	2645
ll	2649
ly	2652
pe	2653
ns	2672
he	2680
el 	2683
ic	2686
em	2693
yn 	2698
 ae	2711
 sy	2729
ti	2749
ta	2757
ev	2833
ri	2930
sc	2961
at	2977
 on	2988
ie 	2992
at 	3022
yc	3039
 na	3059
et	3128
 ha	3155
rt 	3173
rs	3264
ro	3266
te 	3275
rt	3302
ey	3329
 be	3332
ni	3406
oc	3427
al	3440
eg	3481
rd	3489
la	3583
 he	3658
ac	3675
nt 	3794
ra	3837
 we	3875
om	3975
 al	3980
 so	3985
ke	3988
 co	4011
ar	4059
 wa	4102
ad	4134
st	4328
me	4339
 te 	4359
 de 	4429
 vo	4566
oe	4584
 ee	4634
ne	4740
nt	4763
ec	4972
ou	5034
 ve	5078
ck 	5126
se	5274
in	5285
ve	5551
ed	5655
 me	5725
ck	5818
 da	5949
le	6099
or	6176
ng	6183
on	6324
 de	6535
ie	6736
es	7479
 en	7752
et 	7839
 va	8031
an 	8194
te	8634
ge	8977
ch	9029
re	9296
oo	9847
el	9939
an	10976
 ge	11225
ee	12097
er 	12524
ae	13845
en	15275
de	17411
de 	17968
nd	21277
er	25262
en 	47932
