gram	frequency
nde┤	12973
den┤	9067
├end	7738
nde	6854
├van┤	5781
├ver	4460
aer┤	4455
end	4448
ten┤	4106
ere	4070
ren┤	3961
├met┤	3871
der	3761
aer	3629
├den┤	3425
├voo	3390
and	3288
cke	3287
oor	3225
eer	3032
├een┤	3031
gen┤	2982
ede	2937
ert┤	2606
sch	2460
len┤	2443
ers	2437
ken┤	2379
├dat┤	2368
ese	2355
lyc	2338
nge	2291
├dae	2279
ing	2209
cht┤	2202
ege	2184
sen┤	2174
eck	2115
rde	2094
der┤	2064
oor┤	2058
ste	2051
men┤	2045
nen┤	2043
oud	2036
erd	2005
ang	1934
eed	1931
ond	1869
├nie	1826
gen	1821
ven┤	1815
├syn┤	1813
ach	1799
cht	1751
ely	1745
ver	1726
ert	1715
iet┤	1690
├gel	1659
add	1653
yck┤	1649
ers┤	1647
ant┤	1643
ome	1642
├ges	1638
├had	1633
├als┤	1627
├van	1572
├sch	1572
├was┤	1552
che	1546
├con	1521
├sou	1514
├aen	1506
ede┤	1488
ren	1451
├nae┤	1432
ens┤	1421
elv	1394
ade	1390
ent┤	1384
eve	1378
ngh┤	1368
eme	1324
├tot┤	1304
ele	1299
ant	1298
ene	1296
lle	1280
pen┤	1272
eni	1270
├mae	1258
├die┤	1258
eco	1246
├een	1197
ent	1188
lee	1185
nne	1183
och┤	1183
eer┤	1180
nig	1172
erl	1156
├mee	1146
├des	1145
├het┤	1137
├aen┤	1136
com	1131
├wae	1124
lan	1118
ale	1115
est	1108
├com	1107
lve┤	1101
sel	1099
├soo┤	1097
ord	1093
dde	1086
nin	1083
erc	1072
ude	1072
├and	1071
ebb	1066
yck	1064
ude┤	1060
ere┤	1036
eyt┤	1024
tre	1021
hte	1019
era	1017
├nae	1016
dae	1016
oop	1013
are	1010
aen┤	1008
ela	1004
ont	1003
oni	998
gel	993
ien┤	991
├gem	990
cke┤	983
ige┤	977
ees	967
inc	967
├ove	961
ens	954
roo	949
bbe	947
eng	944
ier	935
aec	935
ree	913
nge┤	900
ete	895
hey	883
├heb	878
tie┤	877
och	869
ock┤	863
oot	859
├wer	858
age	856
nck┤	855
ter	853
chi	852
├doo	851
nti	850
├all	847
rae	847
ort	847
tee	840
ate	834
rec	831
lda	828
aen	827
ver┤	826
ero	822
├cle	821
rsc	814
rne	811
├ond	808
ich┤	807
ern	800
nse┤	795
tae	794
ynd	788
omm	787
ges	786
mel	782
├ooc	776
man	774
├vol	770
nte	767
erm	755
een┤	751
oen┤	751
├syn	750
eel┤	748
eur┤	741
├gew	740
ppe	738
├gro	737
├war	733
├gee	732
├Con	732
├uyt┤	723
ors	721
├rea	720
rso	719
ewe	717
tel	716
dde┤	713
ich	713
rac	708
ass	700
nck	699
eso	697
eal	697
art	695
├gev	693
rtr	690
chr	686
├ald	684
├lan	682
├ons	681
nta	680
├goe	677
├ont	674
oed	674
tan	673
ter┤	670
est┤	670
men	666
del	665
esc	665
epe	665
ael┤	665
ran	660
omp┤	657
den	657
ast	654
sta	652
fte┤	651
├ger	643
ckt┤	639
een	637
├hun┤	636
yde	636
ley	632
ste┤	631
├sul	630
nee	629
wae	627
rin	626
lle┤	626
erw	625
cha	624
elt	621
eec	621
uve	618
ouv	616
lae	616
├noc	613
son	612
├gen	611
ove	611
├oft	610
tte	610
├die	609
├gec	607
├man┤	605
eri	603
eyn	598
lve	598
├geb	597
elt┤	594
hou	588
iss	578
ngh	576
neu	572
├doe	572
sse	571
├uyt	570
ech	570
rst	565
ten	565
ors┤	564
├hee	564
├Com	563
nga	563
elc	561
├bes	556
ntr	552
├mit	552
oer	551
├sel	551
aet	550
rge	548
res	544
rtu	541
├der┤	541
wee	540
├ged	540
ken	540
apa	533
lte┤	532
onn	532
├wel┤	531
gad	529
ben┤	528
├ind	523
erh	522
ier┤	515
ien	515
├see	514
ene┤	514
ebr	513
erv	512
hoo	510
its	510
├doc	508
pma	508
├wee	507
ans	507
ame	506
rie	506
├coo	502
ine	501
opm	501
├ten┤	501
soe	501
ets	500
ood	499
├jac	498
luy	497
ndi	496
├hae	496
att	494
├als	492
├dat	490
yde┤	488
lie	488
vee	487
hee	485
sga	484
olg	484
yse	482
ssa	482
evo	480
gev	480
tsg	479
ssi	479
inn	477
├qua	475
rde┤	474
├rys┤	474
ema	472
tin	471
oec	468
ill	467
├gou	466
rev	465
aet┤	464
nsc	464
igh┤	463
eli	462
lge	461
├sta	458
nse	458
acc	457
nts	457
ite	456
voe	456
ort┤	455
eho	452
rwa	452
nic	452
oon	451
├soo	449
lck┤	449
lad	449
├wie	447
ala	445
hre	445
├par	445
tra	443
loo	443
anc	442
rco	441
eef	440
ief	439
orl	438
├Jap	436
woo	435
ven	434
ato┤	433
rts┤	432
ner	432
├des┤	432
hin	431
sen	430
mme┤	430
erg	425
ghs┤	425
rri	424
ger	420
├toe	418
dig	417
yne┤	417
├hem┤	416
├vee	415
eno	415
├wel	415
ost	414
ben	414
out┤	414
├Ban	414
all	413
ael	413
ive	412
eft┤	412
cho	412
man┤	412
├Mal	411
ige	411
ote	409
├jon	408
are┤	407
ese┤	404
rla	404
nst	404
ani	403
eve┤	403
├las	402
ong	400
mae	399
eel	399
├wed	398
ulc	398
lck	396
err	395
ffe	395
onc	393
ker┤	393
yve	392
lde	392
oot┤	390
esi	389
uwe	388
ote┤	387
uyt	387
lac	386
tro	384
dee	384
hte┤	383
itt	383
rck	382
├int┤	382
ope	382
lcx┤	381
app	380
gan	378
├bec	378
ann	377
eda	376
oge	376
├ick┤	375
├geh	375
ouw	375
sie	372
ati	372
olc	370
elo	369
ack	368
eyd	368
uge	367
per┤	367
├sal┤	366
soo┤	365
yni	364
uys	364
gee	364
leg	362
├vae	361
tey	360
├bri	360
yne	358
per	358
ari	357
amb	356
yge	356
eva	354
├wes	353
tse	350
dan	349
eck┤	349
rle	348
├dag	348
├pla	347
├hoo	346
nth	346
├Por	344
├der	344
our	344
lso	343
oda	341
rte	341
org	341
dic	339
ndt┤	338
ist	337
ess	337
├Gou	337
eff┤	337
see	336
ker	335
par	334
├wil	334
hip┤	333
oet	333
├wor	332
riv	331
├tin	331
coo	330
ell	329
han	329
its┤	328
├had┤	327
tug	327
yte	326
bra	325
tie	325
rse	325
yan	322
uyt┤	321
tge	321
eyn┤	321
├Chi	321
uyc	320
├Gen	320
ama	320
sti	320
lli	319
adt┤	318
mee	318
├ter┤	317
erb	316
edi	315
├han	315
├May┤	314
mit	312
├wey	311
hie	310
ata	310
ena	309
uyd	308
rly	308
nne┤	307
├son	307
rlo	307
old	306
ore	305
ind	305
├pre	304
egg	304
roc	302
├eer	302
├bel	302
ali	302
cca┤	301
├tyt┤	300
oet┤	299
die	297
rth	296
iet	296
rag	294
├Den┤	294
rme	294
ico	293
├res	293
eta	293
├per	293
sid	292
├moc	292
aca	291
├ste	290
oen	290
van	290
rov	289
├aff	287
orn	287
rou	286
tsc	285
├jeg	284
ide	284
rre	283
ruy	283
ock	281
oeg	281
├moe	281
├arr	281
dra	280
├cor	279
rva	278
els	277
tam┤	276
mbo	276
rma	276
huy	275
rdi	275
api	274
├get	273
uck	273
ytv	273
ull	272
tic	271
uch	271
tvo	270
tse┤	270
enc	269
oll	268
ber┤	268
├den	268
gge	268
rty	267
├bet	266
omp	266
ouc	265
hae	265
eff	265
ett	264
the	264
├beh	262
├sto	262
uar	261
dat┤	259
wen┤	258
sla	257
├pep	257
ser┤	257
ets┤	257
ger┤	257
eep	256
rsi	256
ton	256
ric	256
hen┤	255
col┤	254
esl	254
hti	254
tig	254
hap	254
eke	254
lin	254
├oor	254
nae	253
eys	252
├bin	252
├flu	252
├pic	251
rmi	250
rga	250
├ree	250
eyl	249
├gea	249
├jae	248
├hie	248
├vre	248
rha	246
├med	246
roe	246
gae	246
sae	244
├Mac	244
├stu	244
├wan	244
ebo	243
├teg	242
pit	241
del┤	241
rti	241
mme	241
sin	241
ane	240
├bed	240
sey	240
├sol	240
ale┤	239
├bre	239
├weg	238
├beg	238
ode	237
els┤	237
von	236
wel	235
ave	234
gie┤	234
eha	234
uyg	233
├vya	233
├ons┤	233
├wat┤	232
mbe	232
one	231
din	231
├twe	230
edr	230
├cas	227
tye┤	227
ega	226
ild	226
chu	226
sar	225
├mac	225
├Bat	224
eld	224
agi	224
├adv	224
ast┤	224
nes	223
nom	223
pan	222
├ong	221
equ	221
oof	221
ont┤	221
ele┤	220
ser	219
que	219
├bev	218
rom	218
ara┤	218
├swa	218
├har	218
lla	218
hen	217
├eyn	216
mmi	216
├pro	216
rdr	216
├sen	216
ooc	215
van┤	215
aem	214
rie┤	214
pan┤	214
├hou	213
kel	212
sch┤	211
nco	211
mma	210
eem	210
vol	210
├dan┤	210
├Eng	209
tad	209
len	209
ytg	209
esa	208
phe	208
├ing	208
luc	207
├gep	207
├sla	207
├omm	207
ara	206
├cop	206
├voe	206
fge	206
ake	206
pre	206
off	205
ust	205
ntw	205
avi	204
├vru	204
├gan	204
mba	203
oel	203
tch	202
ick	201
ght┤	201
ees┤	200
├lae	200
emb	200
esp	199
etr	198
tuc	197
lag	197
lde┤	197
ris	197
wee┤	196
soo	196
├her	196
tuy	195
├sie	195
heb	195
tho	195
ssc	195
├bly	194
├ord	193
ied	193
rna	193
unn	192
nem	192
deu	191
uee	191
ewo	191
arg	191
lip	191
rsa	190
ust┤	190
two	190
lat	189
├hun	189
├off┤	188
├hoe┤	188
├bov	188
her	188
dat	188
├het	188
├opp	187
├str	186
yse┤	185
che┤	185
yla	185
opp	185
ons	185
lev	184
yen┤	184
├neg	183
eet	183
adi	183
ach┤	183
├mog	183
ard	182
les┤	182
├duy	182
├cat	182
nsi	182
├ble	181
nts┤	180
├pac	180
gas	180
iev	179
amp	179
soc	179
├car	178
├buy	178
qua	177
pen	176
igh	176
├oph	176
egr	176
ise	175
val	175
├leg	174
nwo	174
ghs	173
├man	173
idd	173
chy	172
mer	172
vis	172
hry	172
cas	172
led	171
├mis	170
omt┤	170
rat	170
rho	170
├noo	170
elf	169
vae	169
dre┤	169
nie	168
├geg	168
├Pal	168
uss	167
lic	167
wac	167
rto	167
run	167
sto	167
├suy	166
oon┤	166
├ach	166
├nev	166
alv	166
tav	166
rck┤	166
rdo	166
war	166
sse┤	165
set	165
pat	164
├stx┤	164
cte	164
con	164
├eyl	164
gec	164
lyv	163
tit	163
rop┤	163
lia	163
nis	163
ndr	162
hal	161
med	161
uam	161
ryv	160
mis	160
coc	160
├red	159
hep	159
├hoe	158
via┤	158
str	158
lio	158
ieu	156
out	156
ewa	156
enn	156
├jar	156
yts	155
cca	155
alo	155
bre	155
uan	155
├toe┤	155
urs┤	155
├Hol	154
iel	154
ban	153
iti	153
rye┤	152
├pry	152
uwe┤	152
tta┤	152
├tyd	152
bbe┤	150
├huy	150
eeg	150
ori	149
ffd	149
ans┤	149
nam┤	149
uck┤	149
eur	149
├Cap	148
├Atc	148
├etc┤	148
geb	147
egh	147
├nac	147
├men┤	147
├boo	147
bon┤	147
├can	147
pge	147
aso	146
├sic	146
bru	146
eth┤	146
├opg	146
ipa	145
├seg	145
uld	145
ycx┤	145
ldi	145
ade┤	144
ffg	143
mac	143
ect	143
sol	143
epr	142
cqu	142
ual	142
act	141
├ryc	141
und	141
ron	141
iae	141
cor	141
tst	141
sis	141
orr	141
san	141
spe	140
thu	140
ode┤	140
ava	140
sic	139
ntl	138
├ins	138
hyn	138
├Joh	138
├som	138
ive┤	138
ego	137
emo	137
enl	137
rra	137
├mid	137
erd┤	136
tje	136
nan	136
vie	136
aem┤	136
hri	136
├mos	136
ina┤	135
wor	135
pec	135
oog	135
edu	135
red	135
orc	135
├lev	134
yle	134
ivi	134
hor	134
├gei	134
twe	134
ice	134
├myn┤	133
ris┤	133
lon	133
├bha	133
hap┤	132
├oud	132
nni	132
eye	132
cat	132
uan┤	132
obe	132
├ber	132
├ant	131
├Jav	131
rig	131
pro	131
toe┤	131
had	131
siv	130
├pra	130
├ech	130
ime	129
tto	129
int	129
aes	129
gin	129
fen	128
tal	128
├gae	128
├Gon	128
ole	128
├Ind	127
ous	127
├pan	127
├pri	127
oho	127
├yde	127
iee	126
atn	126
├lat	126
tou	126
rvo	126
rad	126
tna	126
thy	126
dia┤	126
iam	125
├sae	125
ick┤	125
aba	125
ora	125
aeg	125
oom	125
emd	124
lpe	124
├cap	124
dvi	124
├God	124
ond┤	123
noo	123
├Gal	123
├syd	123
las	123
eru	123
├lic	123
enw	123
ura	123
ure	123
ire	122
pae	122
├lie	122
bod	122
nda	122
uys┤	121
tly	121
mst	121
ina	121
oes	121
ack┤	121
use	121
ckt	120
etw	120
tem	120
noe	120
├gil	120
lec	120
epa	119
├mon	119
rom┤	119
cre	119
ffs┤	119
lou	119
├dit┤	119
├Mar	119
plu	119
eto	118
mpo	118
hin┤	118
reb	118
isi	118
opl	118
oem	118
rys┤	117
eet┤	117
ucc	117
wen	117
ruc	116
por	116
rda	116
tte┤	116
oul	116
├cha	115
olu	115
moe	115
wer	115
cki	115
├bra	115
uyr	115
oma	115
emt┤	115
├for	114
nel	114
arr	114
rte┤	114
sou	114
unt	113
├vie	113
hye┤	113
├Key	113
rve	113
├Spa	113
uli	113
├rec	112
├zyn┤	112
rli	112
├tra	112
├Soo┤	112
├Teg	112
ira	112
neg	111
├Dae	111
├nag	111
├Gom	111
lav	111
├cos	111
oin	110
lim	110
ana	110
ebe	110
fel	110
rpe	109
ott	109
lff	109
├geo	109
doo	109
cus	108
tor	108
rhe	108
├pas	108
hon	108
├onv	108
├sam	107
ago	107
dri	107
├hal	107
ngi	107
ept	107
mpa	107
ged	106
nte┤	106
├alh	106
├riv	106
cee	106
bel	106
slo	106
ras	106
├reg	106
don	106
├sec	106
ysc	106
nve	106
ape	106
sad	105
sia┤	105
isc	105
oua	105
lte	105
sar┤	105
wan	105
eyt	105
nou	105
├rey	105
├Ned	105
euw	105
reg	105
├app	105
nce┤	105
omb	104
├min	104
oov	104
├beq	104
├yse	104
├Jan	104
auw	104
├bee	104
agh┤	104
ogh┤	103
ppa	103
├ban	103
adj	103
├roo	103
pou	103
lse	103
├inw	103
hul	103
mon	103
nho	103
├lee	103
iec	102
├dew	102
oft┤	102
log	102
gry	102
├Man	102
ecr	102
oya	102
├inc	101
pha	101
mal	101
nen	101
evi	101
orp	101
lem	101
har┤	101
aro	101
ayo	101
arn	101
├nad	100
arj┤	100
lch	100
├Jam	100
hst	100
ilv	100
sam	100
oda┤	100
bae	100
ber	100
rey	99
ghe	99
cti	99
├Amb	99
yre	99
cou	99
├ben	99
min	98
lig	98
├sal	98
ebl	98
seg	98
├spe	98
rno	98
aha	98
├rae	97
rau	97
enb	97
ble	97
rst┤	97
hod	97
├Per	97
pte	97
loc	97
odt┤	97
ehe	96
mpe	96
chs┤	96
gal┤	96
nue	96
inu	96
ttj┤	95
├cou	95
├val	95
toe	95
oss	95
amm	95
gge┤	95
olv	95
ria	95
ovi	94
rmo	94
ran┤	94
ckh	94
├lam	94
lhi	94
mbo┤	94
ins	94
sul	93
wel┤	93
├cus	93
├Lou	93
rse┤	93
ret	92
hed	92
├gal	92
oti	92
├bew	92
eba	92
oey	92
ham	92
├inh	92
iph	91
├loo	91
rof	91
tsa	91
ion┤	91
├zyn	91
oop┤	91
eit┤	91
tta	91
ots	91
era┤	91
├mak	90
env	90
├Mas	90
ouh	90
lsc	90
fde	90
ler	90
ege┤	90
├sle	89
yff	89
ntb	89
├vor	89
├sak	89
├Mae	89
├Che	89
├nat	89
├alt	89
├cru	89
├woo	88
nci	88
├wet	88
cla	88
ydi	88
ylo	88
tyt┤	87
yer	87
dvy	87
ayo┤	87
ery	87
odi	87
fic	87
uam┤	87
doe	87
├myn	87
├dri	87
├met	87
├Jan┤	87
bas	86
oos	86
loe	86
gew	86
├Ser	86
hil	86
├Nee	86
ams	86
rbo	86
lho	86
├Pri	86
ili	86
boe┤	85
cks	85
dja┤	85
├vro	85
apo	85
boi	85
├sor	85
nvo	85
gem	84
├Tay	84
aes┤	84
├amb	84
├luy	84
aff	84
uri	84
may	84
ict	84
bou	84
├Sur	84
cco	84
├vry┤	84
├sey	84
├ass	84
ncx┤	84
dre	83
├dor	83
├nam	83
die┤	83
├dit	83
sie┤	83
ake┤	83
dor	82
you	82
├tus	82
ych┤	82
kte┤	82
lon┤	82
atr	82
can	82
iem	82
├win	81
rsl	81
rre┤	81
ron┤	81
ule	81
lse┤	81
ana┤	81
├Wes	81
mby┤	81
├coy	81
├oli	81
ear	81
├Moo	81
sle	80
fan	80
ies┤	80
alc	80
ece	80
orm	80
spo	80
duy	80
voo	79
├vry	79
├Der	79
├vas	79
tim	79
toi	79
elh	79
cto	79
├wit	79
vem	79
├tre	79
ryg	79
asa	79
egi	79
rus	78
├Ber	78
├nem	78
oro	78
ica	78
├pag	78
imm	78
raf	78
rye	78
├vel	78
eyl┤	78
├Ant	78
ner┤	78
ame┤	78
ita	78
├opd	78
duc	78
dit	78
nda┤	77
uho	77
├nee	77
nat	77
├hel	77
bie	77
jen	77
├Sia	77
ctu	77
imo┤	77
chs	77
lah	77
mma┤	76
hoe┤	76
├chi	76
rdy	76
uae	76
rit	76
gie	76
awa	76
iac	76
tua	76
anu	76
mat	76
hor┤	75
bey	75
├bad	75
boo	75
ada	75
ido	75
off┤	75
ssa┤	75
aha┤	75
├opt┤	75
├sil	75
tsi	75
cay	75
imb	75
vre	75
rge┤	74
├Lis	74
├bal	74
pet	74
├can┤	74
cal	74
ntf	74
ugg	74
aye	74
asu	74
ici	74
├mal	74
pri	74
mde┤	74
lie┤	74
one┤	74
olo	74
├tro	74
├vad	73
dac	73
jes┤	73
tti	73
oew	73
aya┤	73
eti	73
├hon	73
iso	73
tac	73
├exp	73
├Gam	72
rar	72
├mus	72
sge	72
nly	72
uin	72
├dac	72
nst┤	72
ucx┤	72
ems	72
├mat	72
ndo┤	72
├ora	72
├ken	72
got	71
sda	71
cos	71
├dee	71
├eys	71
├Dam	71
ure┤	71
nar	71
├End	71
cka	71
├Que	71
mpt	71
ial	71
ist┤	71
ose	71
fen┤	71
art┤	71
ost┤	70
uet	70
├Ben	70
├rad	70
rce	70
├Pam	70
├nef	70
ayl┤	70
tfa	70
eus	70
rni	70
lty	70
ngc	70
won	69
nam	69
cip	69
rap	69
├ret	69
├Nan	69
rab	69
├int	69
lff┤	69
ngb┤	69
igo┤	69
age┤	69
├Cey	69
nto	69
too	69
ram┤	68
evr	68
ead	68
ech┤	68
nna	68
ipp	68
├Tid	68
bar	68
├rug	68
pee	68
├dis	68
sme	68
sit	68
ile	67
├Mat	67
nbe	67
nac	67
ion	67
rbe	67
ool	67
oes┤	67
rcl	67
emi	67
├Wat	67
wyf	67
├gua	67
sca	66
edo	66
eev	66
hoe	66
├pit	66
vel	66
eyg	66
uyv	66
rwe	66
gca	66
elu	66
elp	65
lsd	65
icu	65
fte	65
scb	65
├vis	65
cks┤	65
ril┤	65
ffi	65
ogh	65
├Pat	65
god	65
ove┤	65
wil	65
nua	65
can┤	65
├afg	65
├geq	65
ian	65
├dal┤	65
├log	65
des	64
├lag	64
ffs	64
ano	64
rel	64
├Cam	64
cer	64
lam	64
├wat	64
res┤	64
rch	64
ugu	63
sac	63
├spr	63
gus	63
├Aug	63
├Jul	63
├Nov	63
├Gri	63
kag	63
abe	63
├ghy┤	63
├Fra	63
├Gro	63
├Pan	63
stc	63
lar	63
pel	63
bes	63
tos┤	63
mde	62
├ded	62
├Apr	62
ult	62
cul	62
├men	62
├cla	62
nca	62
├tay	62
cie	62
ygh┤	62
ats	62
gal	62
├eyg	61
ute	61
fde┤	61
rys	61
tat	61
lem┤	61
ulp	61
llo┤	61
ieg	61
ldo	61
├Neg	61
spr	61
nna┤	60
wes	60
teg	60
ean	60
hit	60
ske	60
├div	60
erp	60
rta	60
rlu	60
├sed	60
yns┤	60
asc	59
bro	59
├Lam	59
cel	59
├Chr	59
geh	59
adv	59
alj┤	59
als	59
itu	59
lom	59
itj	59
hyn┤	59
auw┤	59
udi	59
├aff┤	59
dva	59
├mor	59
├Col	59
oms	59
uti	59
ewi	59
get	59
stu	59
tel┤	58
ram	58
win	58
├Jac	58
ylt┤	58
ncq	58
cce	58
tur	58
fsc	58
ouw┤	58
yff┤	58
├bla	58
cur	58
nio┤	58
pst	58
├Sou	58
cen	58
cem	58
├Rad	58
unt┤	58
├onb	58
our┤	58
├cry	57
gro	57
qui	57
leb	57
hic	57
sco	57
aed	57
pon	57
yts┤	57
pos	57
├Sep	57
├Hit	57
uer	57
├bek	57
rim	57
idj┤	57
hde┤	57
oyt┤	57
├byd	57
sia	56
lma	56
egh┤	56
etg	56
ple	56
ein	56
├wac	56
aly	56
ias┤	56
alf	56
hut┤	56
pto	56
├Waw	56
rem	55
├exc	55
├Goa┤	55
for	55
├Ton	55
├Dec	55
lsm	55
├Qui	55
sma	55
int┤	55
├wec	55
rby┤	55
rua	55
├tap	55
├Lim	55
oir┤	55
tbo	55
pas	55
├kin	55
├roe	55
hel	55
├vra	55
├aer	55
rwo	55
pie	55
├Ham	54
├sti	54
tar	54
├por	54
mps	54
arc	54
ggi	54
teu	54
├Cle	54
├Mol	54
wis	54
aco	54
rop	54
tty┤	54
rts	53
ocu	53
yle┤	53
├zee┤	53
rbr	53
alp	53
├dic	53
tto┤	53
xam	53
├onc	53
swa	53
nae┤	52
des┤	52
upe	52
dan┤	52
├hen┤	52
pda	52
tva	52
├tol	52
rek	52
├cal	52
lre	52
ogi	52
oev	52
├Ora	52
├Het┤	52
├Feb	52
├cre	52
abo	52
├pen	52
├sob	52
chl	52
orv	52
sal	51
tap	51
rif	51
├Ady┤	51
├zyd	51
nto┤	51
ars	51
wat	51
ghd	51
├wen	51
ins┤	51
lel	51
lwa	51
dam┤	51
├pas┤	51
kin	51
├Vli	51
ndo	50
llo	50
├Cho	50
eyc	50
esu	50
lit	50
├hul	50
fec	50
irj┤	50
reu	50
├Oct	50
aff┤	50
├Gar	50
mou	50
├ruy	50
ppo	49
├Hee	49
├Voo	49
├Can	49
cie┤	49
sso	49
├Car	49
├Fir	49
├Mad	49
├onl	49
├Jun	49
rer	49
enh	49
tem┤	49
tob	49
ord┤	49
rdt┤	49
├Ass	49
fer	48
usc	48
├Pad	48
├kee	48
├tai	48
ies	48
lof	48
oir	48
tal┤	48
uly┤	48
yst	48
nsl	48
ail┤	48
├mei┤	48
├rou	48
ref	48
bee	48
oup	48
ula	48
pes	48
ifi	48
├Tan	48
├out┤	48
anj	48
hip	48
pad	48
cbe	47
ced	47
├mou	47
pal	47
vin	47
ect┤	47
rbi	47
oft	47
├san	47
├ben┤	47
├avo	47
oye	47
bon	47
ues	47
and┤	47
├alw	47
tma	47
les	47
├gra	47
hot	47
lst	47
├gun	47
├wys	46
ses┤	46
urg	46
tda	46
├Alm	46
├vlo	46
son┤	46
har	46
act┤	46
├Wil	46
nwe	46
xcu	46
axa	46
myn┤	46
tri	46
├dra	46
acq	46
eic	46
mas	46
mtr	45
omi	45
├Des	45
├pat	45
poe	45
ewy	45
gia	45
├boe	45
umb	45
nli	45
tcu	45
vig	45
iel┤	45
oub	45
mpl	45
vys	45
lta	45
eca	45
xpr	45
├Sch	45
udt┤	45
uyn┤	45
├per┤	45
ons┤	45
├Har	45
├kis	45
tsl	45
eci	45
├twy	45
bur	45
aul	45
iam┤	45
ecl	45
├opr	45
├pae	45
msi	45
ryc	45
ult┤	45
nys┤	45
utt	44
dis	44
nsg	44
├bet┤	44
rep	44
nha	44
├Sul	44
omy	44
├Sil	44
non┤	44
cbt	44
bor	44
var	44
vor	44
let	44
├gaf	44
├Ver	44
efe	44
dro	44
├tal	44
├sag	44
lpe┤	44
├omt	44
mog	44
├bem	44
sak	44
ros	43
uni	43
dia	43
ycx	43
pra	43
ami	43
vys┤	43
mad	43
tan┤	43
tdr	43
├ron	43
yso	43
std	43
irm	43
oce	43
eus┤	43
atu	43
acb	43
├Bro	43
tus	43
eor	43
├Bou	43
tru	43
ato	43
squ	42
vic	42
mar	42
ngs	42
yss	42
uch┤	42
├blo	42
├Hen	42
ura┤	42
nie┤	42
├geê	42
├uwe┤	42
til	42
uin┤	42
cte┤	42
sno	42
oer┤	42
ept┤	42
├dan	42
cli	42
pel┤	42
├Tar	42
uba	42
ywa	42
├lac	42
ntv	42
├ope	42
├wis	42
├lad	42
ebi	42
├arm	42
├noy	42
opi	42
ilh	42
├wei	42
rke	42
gir	42
├pad	42
ays┤	42
uel	42
├sus	41
pla	41
├bys	41
ala┤	41
urn	41
├Cap┤	41
├anc	41
rlr	41
├fyn	41
ift	41
ebt┤	41
ria┤	41
eac	41
emp	41
├rev	41
dsi	41
los	41
nqu	41
├Cal	41
usq	41
├tol┤	41
khu	41
aut	41
├zee	41
spa	40
cao┤	40
├dir	40
├soe	40
ope┤	40
ytt	40
├beb	40
fel┤	40
aef	40
mer┤	40
yer┤	40
├acc	40
├off	40
uro	40
nso	40
han┤	40
oge┤	40
rou┤	40
boe	40
uwi	40
├suc	40
├lot┤	40
kia	40
├bos	40
nwa	40
├San	40
hol	40
├Vor	40
lis┤	40
├bro	40
├bar	40
├ven	40
├wil┤	39
lla┤	39
dyc	39
nef	39
sil	39
├Syn┤	39
ryp	39
oos┤	39
epl	39
lut	39
isp	39
├mer	39
lco	39
├yet	39
├vin	39
opt┤	39
├ads	39
scr	39
wyl	39
ray	39
loa┤	39
khe	39
bit	39
ola	39
lgh	39
nce	39
nfo	38
ume	38
├cen	38
vid	38
lti	38
├gui	38
ase┤	38
kte	38
eny	38
eek┤	38
tra┤	38
├tan	38
nit	38
nil	38
agh	38
├bah	38
├tou	38
├dry	38
oug	38
├bos┤	38
nsp	38
├lyw	38
rbl	38
amr	38
lca	38
├sub	38
erf	38
ete┤	38
iep	38
olp	38
├tee	38
├Ten┤	38
chd	38
ffy	38
├Bar	37
rba	37
ini	37
├aud	37
ckj	37
anj┤	37
uso	37
├Ger	37
aud	37
├dro	37
yee	37
uyn	37
yns	37
abo┤	37
ose┤	37
├gek	37
asi	37
├spi	37
aho	37
unc	37
ral	37
uyl	37
├gin	37
ipe┤	37
uim	37
jer	37
├Cra	36
bin	36
oeb	36
opt	36
uns	36
sic┤	36
mse┤	36
uad	36
nlu	36
eoo	36
mpt┤	36
├Kim	36
├bou	36
sat	36
eae	36
├Wan	36
ate┤	36
├Pac	36
├rep	36
que┤	36
osi	36
dag	36
bly	36
├Sin	36
uny┤	36
├Van┤	36
lis	36
car	36
├ite	36
adr	36
elm	36
├Sir	35
nva	35
eug	35
├mar	35
egu	35
jen┤	35
udj┤	35
onf	35
├arb	35
├vic	35
mro	35
nje	35
dië	35
iën	35
├Hae	35
bac	35
eth	35
gel┤	35
mac┤	35
rob	35
dye┤	35
ghe┤	34
├eff	34
hst┤	34
aga	34
jae	34
├Ama	34
nbo	34
├que	34
├And	34
dda	34
├bon	34
├lyf	34
ane┤	34
mmo	34
tiv	34
any┤	34
├Onr	34
├Dat	34
ënt	34
pli	34
gul	34
rgu	34
nma	34
tue	34
noc	34
arl	34
pde┤	34
├hov	34
uym	34
amo	34
nru	34
rwi	34
euc	34
├myl	34
xpe	34
├bas	34
sec	34
├rap	34
cha┤	34
rin┤	34
pia	33
ono	33
├omd	33
├Twi	33
mba┤	33
ipe	33
├Die	33
├bey	33
├ker	33
nhe	33
enm	33
efi	33
ams┤	33
rot	33
avo	33
yst┤	33
ecu	33
dec	33
├oos	33
val┤	32
ase	32
├Met┤	32
├Pie	32
sle┤	32
├eer┤	32
nct	32
ras┤	32
hts┤	32
├gis	32
oic	32
esw	32
onl	32
twy	32
ain	32
ada┤	32
isa	32
├Sam	32
ynt┤	32
├gom	32
wic	32
├Bac	32
├Men	32
tso	32
├Gap	32
nla	32
├ter	32
ayb	32
ise┤	32
mun	32
kee	31
fle	31
ite┤	31
ybo	31
cle	31
ler┤	31
ilt┤	31
ima┤	31
mes	31
weg	31
adu	31
urc	31
had┤	31
fke	31
dmi	31
├Agr	31
├tho	31
├vyf	31
tis	31
├Ray	31
cad	31
├rod	31
├slu	31
eme┤	31
uen	31
erk	31
├lof	31
hsa	31
ona	31
rav	31
├out	31
orm┤	31
bat┤	31
├tyt	30
jeg	30
nba	30
sah	30
├bie	30
lap	30
├zul	30
├eet	30
rch┤	30
twa	30
├geé	30
jui	30
├Cor	30
ckb	30
├was	30
├von	30
ckl	30
lus	30
atl	30
├pun	30
dew	30
kie	30
lha	30
tco	30
buy	30
leu	30
├Lee	30
nju	30
ckr	30
plo	30
├God┤	30
├ops	30
dam	30
edt┤	30
├Cab	30
ted	30
├Dom	30
nsz┤	30
uip	30
cru	30
enj	30
├Tou	30
osc	30
etj	29
├aju	29
otw	29
cba	29
├sab	29
abi	29
tof	29
├Sed	29
├Pau	29
├bat	29
├bej	29
ntg	29
lro	29
geg	29
├gef	29
oep	29
nip	29
ces	29
ito┤	29
tas	29
ynw	29
eeh	29
├pee	29
├spo	29
Uan	29
cco┤	29
├juw	29
iën┤	29
├Arr	29
syn	29
set┤	29
vul	29
├vri	29
ioe	29
urs	29
efl	29
├bun┤	29
├clo	29
├Gel	29
lha┤	29
urt┤	29
ngb	29
├nav	29
├Tot┤	29
├Pou	29
mor	29
imo	28
├pot	28
sta┤	28
├Sab	28
gat	28
├Tic	28
├mel	28
gra	28
alt	28
lhe	28
she	28
ole┤	28
num┤	28
mda	28
├Ram	28
ntj	28
esn	28
├Oli	28
ygh	28
├Cos	28
mir	28
bli	28
eje	28
├hav	28
ckw	28
├imp	28
rue	28
hde	28
├Was	28
iap	28
rah	28
mph	28
jec	28
├Goe	28
rap┤	28
ado	28
ary┤	28
use┤	28
├Pun	28
nad	28
rro	28
├Par	28
lou┤	28
arm	28
als┤	28
ymo	27
├Sen	27
rcr	27
ryf	27
oom┤	27
beh	27
rew	27
cob	27
tol	27
├Zee	27
vou	27
├Anu	27
til┤	27
├Pet	27
├adm	27
ckm	27
├act	27
anl┤	27
tux┤	27
├Jon	27
├Mor	27
wer┤	27
cum┤	27
ned	27
├Min	27
uit┤	27
lwe	27
eps	27
tyc	27
├Cas	27
├ref	27
├gav	27
fin	27
heu	27
hom	27
├hof	27
lsn	27
├bor	27
ius┤	27
lye┤	27
rne┤	27
bst	27
eey┤	27
wyc	27
orb	27
├vlu	27
lif	26
tun	26
├wal┤	26
gon	26
esm	26
oun	26
yte┤	26
eye┤	26
├fac	26
├lyn	26
ffk	26
nas┤	26
oan	26
├tim	26
├Ott	26
ops┤	26
├mun	26
sor	26
├dia	26
uym┤	26
├Phi	26
uit	26
├gor	26
mhe	26
yft┤	26
├bae	26
├Ams	26
oef	26
gou┤	26
epo	26
├Gas	26
aft	26
sdi	26
cus┤	26
├Gem	26
lto	26
├fre	26
├Adr	26
├cab	26
├Cou	26
gom	26
vlu	26
eft	26
ocb	26
oli	26
col	26
nek	26
├vli	26
├rot	26
├gul	26
ima	26
voi	25
├May	25
├ana	25
olt	25
cap	25
tia	25
utd	25
mil	25
dor┤	25
NSL	25
hsi	25
upp	25
yme	25
onv	25
aar┤	25
├rom	25
├Duy	25
cos┤	25
uen┤	25
cop	25
her┤	25
tga	25
rsp	25
├Lau	25
SLA	25
├Dar	25
oup┤	25
ANS	25
├thi	25
├Cay	25
AET┤	25
├hel┤	25
├jae┤	25
eki	25
ryd	25
├zuy	25
slu	25
ute┤	25
├min┤	25
├Ter	25
dab	25
├poe	25
├ult	25
├Bra	25
idi	25
├ast	25
tev	25
iro	25
anl	25
RAN	25
rwy	25
nal	25
├qui	25
fft	25
syd	25
kje	25
├ser	25
cob┤	24
LAE	24
├iet	24
ppr	24
├afl	24
├Tho	24
uga	24
lyd	24
├For	24
ama┤	24
tag	24
├emp	24
tas┤	24
euv	24
├gas	24
├Tol	24
├Bal	24
├syl	24
iri	24
├Nae	24
dve	24
├TRA	24
├cro	24
roy	24
toc	24
gun	24
tek	24
├hen	24
emh	24
├var	24
├Mee	24
tbe	24
jan	24
ght	24
tle	24
├pap	24
eda┤	24
epu	24
agg	24
├att	24
├sac	24
tla	24
ylu	24
├Dee	24
tam	24
uwt┤	24
cep	24
├Hil	24
anh	24
lph	24
nek┤	24
fco	24
sem	24
├Cro	24
vel┤	24
├uyr	24
uth	24
ych	24
├lax	24
goe	24
kel┤	24
├Ack	24
ngl	24
hui	24
psk	23
ssé┤	23
fey	23
vry	23
├gar	23
sth	23
yli	23
ulo	23
├ket	23
tul	23
yal	23
tsj	23
├sit	23
xce	23
lra	23
dem	23
mas┤	23
├Gra	23
evl	23
deb	23
odj	23
sty┤	23
qui┤	23
├Cac	23
ecq┤	23
cae	23
├tam	23
yri	23
pke	23
├Gry	23
├Hat	23
bte	23
├soc	23
├sek	23
├Had	23
lvo	23
igb┤	23
├Oos	23
├Win	23
mod	23
├spa	23
nbu	23
hge	23
├lar	23
├Nep	23
tha	23
gre	23
├Hoo	23
├Hse	23
├Rat	23
eek	23
sha	23
ped	23
├wap	23
bat	23
├Bon	23
kwe	23
tsh	23
gea	23
├set	23
una	22
nim	22
lor	22
├opc	22
eja	22
pte┤	22
nis┤	22
├Opr	22
uco	22
alt┤	22
fti	22
ban┤	22
met┤	22
├dev	22
kly	22
ocq┤	22
ahi	22
├fav	22
ivr	22
suy	22
├ren	22
├rin	22
rgh┤	22
nes┤	22
cas┤	22
sli	22
lau	22
yps	22
eeu	22
├rol	22
├Cer	22
ubs	22
ald	22
dou	22
pra┤	22
rla┤	22
lum	22
irc	22
ory	22
iau	22
bti	22
mni	22
uma	22
├Een	22
├lyd	22
lyt┤	22
ccu	22
├hos	22
├def	22
├viv	22
gar	22
osl	22
gbs┤	22
yhe	22
├rop	22
├rel	22
├vol┤	21
fle┤	21
├Tra	21
sum	21
voy	21
├Eur	21
pil	21
├Wel	21
├onw	21
bal	21
├opb	21
├ofl	21
├boc	21
air	21
gne	21
├Ker	21
bob	21
gum	21
├nau	21
├Sum	21
ury┤	21
ryn	21
nle	21
icb┤	21
lft┤	21
nuy	21
mon┤	21
noa┤	21
rak	21
ptu	21
├vle	21
ava┤	21
tes	21
egu┤	21
reu┤	21
├Lon	21
lvi	21
aur	21
├not	21
rgh	21
├amp	21
uty	21
twi	21
├Tri	21
tmo	21
├snu	21
tif	21
├amm	21
niu	21
├sup	21
rol┤	21
fyt	21
nus┤	21
rog	21
lac┤	21
hca	21
├slo	21
tex	21
├Cae	21
├Sno	21
vil	21
├sat	21
├Sal	21
├Luc	21
├Ann	21
euw┤	21
spi	21
├Ran	21
eym	21
ias	21
├rys	21
├din	21
├ext	21
uts	21
uff	21
ghc	21
├pel	21
tië	21
├cam	21
ith┤	20
lov	20
├imm	20
rao	20
dal	20
├Tom	20
tph	20
hys	20
├ell	20
vro	20
├uyl	20
ffb	20
├yem	20
bov	20
adt	20
ulj┤	20
mle	20
cxd	20
ysi	20
├mem	20
usa┤	20
├vat	20
ide┤	20
tje┤	20
rit┤	20
├Die┤	20
xda	20
nre	20
├oly┤	20
dar┤	20
pco	20
kba	20
dts	20
├tar	20
├chr	20
mam	20
├bid	20
rol	20
├nod	20
├hec	20
cab	20
tba	20
├Bre	20
ado┤	20
hly	20
enr	20
chl┤	20
gon┤	20
├Los	20
├Peg	20
dje┤	20
eie	20
lot┤	20
hag	20
htb	20
orh	20
gra┤	20
cro	20
├bol	20
├Tam	20
bel┤	20
ntc	20
bar┤	20
nyd	20
├moo	20
nlo┤	20
exa	19
├Lao	19
├Ruy	19
ulu	19
├roc	19
├Her	19
├voi	19
ign	19
ral┤	19
gue	19
ngu	19
├Rey	19
nbr	19
usp	19
├Suc	19
├Mog	19
ued	19
ieu┤	19
├Iqu	19
haf	19
mei	19
syn┤	19
stj┤	19
uca	19
ocb┤	19
ffc	19
hem	19
├Wal	19
ros┤	19
aus	19
ays	19
vlo	19
uve┤	19
ckl┤	19
├Nar	19
├Era	19
eld┤	19
nsu	19
ype	19
├mai	19
├Sun	19
├Aen	19
├fau	19
├onr	19
ilt	19
├dre	19
otg	19
├inf	19
utp	19
luw	19
hle	19
ysv	19
ces┤	19
loy	19
├Hed	19
sur	19
kma	19
sel┤	19
jar	19
├ran	19
haa	19
las┤	19
has┤	19
lly	19
gin┤	19
├pet	19
nlh	19
├agu	19
ols	19
lop	19
nga┤	19
was	19
ois	19
veu	18
├Str	18
ibe	18
sin┤	18
├Des┤	18
tde	18
cka┤	18
iat	18
├baf	18
phy	18
mae┤	18
juy	18
bed	18
├Son	18
iwo	18
eke┤	18
emn	18
├Exp	18
mte┤	18
ila	18
├civ	18
├mas	18
ley┤	18
├ses┤	18
ryh	18
bse	18
urr	18
├Bin	18
put	18
ppl	18
├Pip	18
fta	18
├Hal	18
olw	18
kri	18
├Swa	18
ugi	18
isd	18
├Nic	18
nch	18
ney	18
├Uyt	18
ofl	18
├Vin	18
aat┤	18
gag	18
cen┤	18
├toc	18
rns	18
├eve	18
├uyl┤	18
├uwe	18
rsw	18
oby	18
ngo	18
├Way	18
nwi	18
irs	18
iga	18
├Vis	18
vra	18
urt	18
htm	18
├Bia	18
├Sar	18
├gir	17
├dap	17
├Lax	17
uts┤	17
tiu	17
├Gil	17
aya	17
├sev	17
├Tae	17
├Oud	17
byn	17
rsu	17
orn┤	17
lsw	17
├inv	17
aou	17
├foe	17
cam	17
├lak	17
pin	17
├pos	17
├Vol	17
thi	17
svo	17
├oir	17
asl	17
├Cbi	17
oan┤	17
cko	17
├ned	17
├cot	17
├Rev	17
enl┤	17
nja	17
├sui	17
rqu	17
├tas	17
├rob	17
ars┤	17
ghl	17
ISS	17
rio┤	17
bek	17
├Lis┤	17
cou┤	17
dru	17
iff	17
elg	17
mmu	17
ome┤	17
fbr	17
├Lan	17
rcu	17
├Jag	17
├Roc	17
ery┤	17
etu	17
omt	17
orp┤	17
tys	17
dom┤	17
dry	17
tog	17
├Ven	17
uia	17
atc	17
ffe┤	17
├Pah	17
SSI	17
├Ond	17
cbo	17
├Thy	17
oth┤	17
tsz┤	17
├inl	17
try	17
├byg	17
eri┤	17
├Nas	17
├vei	17
tut	17
├cra	17
├leu	17
cis┤	17
aci	17
lme	17
├Nae┤	17
├wyl	17
nav	17
bil	17
rgr	17
ffa	17
cbi	17
cty	16
├ale	16
acq┤	16
sio	16
├fir	16
├ett	16
ary	16
sag	16
├len	16
├Sut	16
├MIS	16
aym	16
lmo	16
dep	16
├Gor	16
├bur	16
├thu	16
lcu	16
uce	16
oum	16
gam┤	16
hio	16
tib	16
sdo	16
├pie	16
lab	16
sho	16
├sir	16
iba	16
ubl	16
cau	16
├geë	16
├oog	16
ntm	16
yas┤	16
├Alc	16
dei	16
ony┤	16
SIV	16
├Anl	16
├vir	16
rca	16
mbr	16
ang┤	16
Com	16
├g'i	16
yna	16
├Dat┤	16
vis┤	16
├exe	16
├oml	16
was┤	16
├Nac	16
├Mir	16
├ten	16
├abs	16
uat	16
├che	16
pon┤	16
ibo	16
tum	16
├mag	16
├sar	16
├Dol	16
wey	16
occ	16
dit┤	16
gap	16
unl	16
nno	16
├tin┤	16
ril	16
aft┤	16
ehu	16
yel	16
pis	16
├coe	16
uel┤	16
rtg	16
tbi	16
lbr	16
ytw	16
├yve	16
ttr	16
nep	16
mag	16
bay	16
iri┤	16
oas	16
├Ari	16
├ele	16
rpo	16
icb	16
scl	16
├Hur	16
ulp┤	16
ile┤	16
IVE┤	16
epk	16
axe	16
req	16
├air	16
mos	16
hov	15
nag	15
├dep	15
roj	15
osa┤	15
fif	15
ugh┤	15
├erk	15
ooi	15
seu┤	15
ei'	15
├Son┤	15
tst┤	15
isn	15
emu	15
bap┤	15
iar	15
├afs	15
ifl	15
├gag	15
├Hel	15
tbr	15
rci	15
cay┤	15
├dal	15
lsi	15
├Cla	15
tca	15
├lus	15
├Joa	15
gli	15
deg	15
xee	15
lye	15
oha	15
ogo	15
ecb	15
kse	15
msz┤	15
tyn	15
cau┤	15
gat┤	15
oje	15
ocq	15
dis┤	15
tio	15
uey┤	15
├Rom	15
nls	15
kem	15
├Bor	15
rvl	15
unu	15
hev	15
hab	15
igi	15
kse┤	15
ico┤	15
iep┤	15
tsy	15
├pal	15
ham┤	15
ded	15
lcq┤	15
oba	15
etv	15
gmo	15
├Den	15
swy	15
├sap	15
dja	15
eed┤	15
├Are	15
├Rut	15
ncs┤	15
├ern	15
jan┤	15
uem	15
├erl	15
ffl	15
obo┤	15
uwa	15
ivo	15
xat	15
dts┤	15
├Adv	15
oke	15
iff┤	15
├Geu	15
├Say	15
├spy	15
dra┤	15
rtb	15
cit	15
├col	14
rve┤	14
├cap┤	14
├hey	14
sjo	14
mig	14
ynt	14
├Lie	14
├wyn┤	14
das	14
sig	14
ils	14
├Egm	14
kke	14
xtr	14
lot	14
oeh	14
lhu	14
├Pes	14
dos┤	14
nfe	14
pul	14
iyc	14
any	14
orj┤	14
nas	14
├Don┤	14
rgi	14
├Buy	14
svr	14
├one	14
├Gol	14
stw	14
├elc	14
xra	14
cor┤	14
├Mau	14
├Our	14
├Moc	14
afi	14
nsb	14
├vne	14
onq	14
kin┤	14
lyf	14
elr	14
├hui	14
├mam	14
sja	14
ndu	14
gep	14
├onh	14
├alr	14
├pin	14
olt┤	14
├inb	14
opa┤	14
rel┤	14
otj	14
ryn┤	14
meu	14
aee	14
hta	14
hro	14
iga┤	14
fva	14
├deg	14
sje	14
fli	14
cxr	14
├Bae	14
hem┤	14
aut┤	14
├bad┤	14
├Mit	14
ulo┤	14
uta	14
efo	14
├Rac	14
├buf	14
utw	14
ino	14
tsp	14
ftr	14
rja	14
zen┤	14
vad	14
koo	14
fyt┤	14
├Wic	14
├sma	14
rlh	14
lna	14
├wre	14
├quy	14
├alv	14
nau	14
kho	14
chg	14
ndt	14
uil	14
alr	14
loa	14
otc	14
mbu	14
odl	14
eop	14
├Hwe	14
├oyt┤	14
alo┤	14
ves	14
rpa	14
non	13
met	13
mol	13
phi	13
tat┤	13
sra	13
├eeu	13
├dif	13
dem┤	13
hle┤	13
clo	13
eéy	13
lfi	13
seb	13
elh┤	13
├Eer	13
ntd	13
deu┤	13
ppu	13
├wyd	13
exe	13
sav	13
├Ryp┤	13
aei	13
├vla	13
gsa	13
tir	13
├cog	13
hts	13
ljo	13
├Lar	13
bet	13
ian┤	13
├rov	13
tgo	13
├Int	13
├Wae	13
├the	13
etl	13
├plu	13
elj┤	13
├reb	13
dur	13
kry	13
ems┤	13
llu	13
├Pas	13
├too	13
ajo	13
esh	13
'in	13
├See	13
orw	13
├los	13
├Ick┤	13
├art	13
ils┤	13
don┤	13
wys	13
cam┤	13
fac	13
êys	13
├rem	13
acl	13
├noe	13
eêy	13
aar	13
sts	13
sde	13
lpa	13
ard┤	13
pac	13
├poi	13
gte┤	13
├deb	13
├eed	13
├ton	13
├ebb	13
tyt	13
uyl┤	13
fld	13
wav	13
keu┤	13
rsz┤	13
├Van	13
ton┤	13
ath┤	13
gol	13
├ram	13
hat	13
inf	13
raa	13
ymt	13
not	13
yfl	13
ime┤	13
doc	13
hsm	13
├Nab	13
obl	13
hop	13
├lyt┤	13
tyf	13
aor	13
ume┤	13
ift┤	13
yve┤	13
sbu	13
ytc	13
aph	13
├Aar	13
├Blo	13
isz┤	13
├Dir	13
bha	13
├Bel	13
├Mou	12
├cas┤	12
uic	12
nmi	12
mid	12
├req	12
├rhe	12
msk	12
xem	12
ath	12
tou┤	12
wig	12
ssj┤	12
├fee	12
ols┤	12
ndh	12
├Hac	12
├Ima	12
lvo┤	12
nii	12
npl	12
psl	12
├cun	12
vec	12
rme┤	12
rra┤	12
dli	12
hav	12
ytr	12
lil	12
├les	12
rpl	12
lek	12
ffv	12
inq	12
nah	12
eob	12
aly┤	12
├sin	12
├afi	12
├muy	12
lyt	12
olb	12
sne	12
udt	12
├let	12
loe┤	12
├Val	12
pot	12
reh	12
lug	12
├Dra	12
wei	12
├jur	12
ira┤	12
├Soo	12
som	12
├fey	12
liw	12
ngo┤	12
├Wyd	12
├syt┤	12
├bea	12
lts	12
eud	12
├Ani	12
├Rin	12
usl	12
├Olo	12
jon	12
├Han	12
ltr	12
ulh	12
├bru	12
├won	12
├lau	12
une	12
etc	12
├Coe	12
obs	12
iot┤	12
nor	12
nan┤	12
arb	12
nct┤	12
ais	12
loi	12
edw	12
ots┤	12
lva	12
eêm	12
├Bim	12
├vee┤	12
├Noo	12
kst	12
tlo	12
trj┤	12
min┤	12
├dub	12
bou┤	12
pag	12
dol	12
├Lat	12
aty	12
cis	12
eys┤	12
├Gac	12
├Een┤	12
aru	12
eon	12
ssu	12
sce	12
lat┤	12
ext┤	12
├Dan	11
sny	11
ndj┤	11
cta	11
das┤	11
gsa┤	11
├Uli	11
├tax	11
icl	11
├ede	11
sto┤	11
tyd	11
├hac	11
├Int┤	11
oar┤	11
├mes	11
rto┤	11
seq	11
tyn┤	11
ngs┤	11
├oly	11
ubj	11
├Wac	11
oel┤	11
├etm	11
nsd	11
├hog	11
eko	11
ekk	11
ave┤	11
tsm	11
├hem	11
rvr	11
rgo	11
├Gan	11
hli	11
├Cib	11
det┤	11
elw	11
rsn	11
├vex	11
rug	11
nri	11
ksi	11
├mod	11
lts┤	11
scu	11
etd	11
fir	11
coe	11
bid	11
elm┤	11
├boe┤	11
afl	11
ats┤	11
end┤	11
wus	11
uct	11
ndj	11
hia	11
éys	11
ovo┤	11
kig	11
edd	11
Gen	11
bje	11
hye	11
iou	11
muy	11
├Ori	11
ysa	11
gou	11
psa	11
├hev	11
lge┤	11
├Goa	11
fit	11
neo┤	11
apt┤	11
obt	11
aey	11
├Opt┤	11
oui	11
tad┤	11
imi	11
ulf	11
isl	11
vas┤	11
inc┤	11
itl	11
├jag	11
pbr	11
eau	11
elb	11
rod	11
vet	11
hon┤	11
├nam┤	11
├fur	11
gus┤	11
├zou	11
├gon	11
rhi	11
├kan	11
sty	11
├coc	11
ges┤	11
yor┤	11
ysw	11
onm	11
atj┤	11
arq	11
yre┤	11
iva	11
├mey	11
iad	11
lvr	11
├dam	11
boy┤	11
uly	11
peu	11
irs┤	11
├Mey┤	11
enp	11
├Tem	11
├Som	11
├cba	11
nca┤	11
uye	11
├Cot	11
voy┤	11
├Mas┤	11
ddo	11
sve	11
vos┤	11
├Kis	11
├coi	11
├bus	11
├wek	11
├Opp	11
ntj┤	11
├dem	11
nsj	11
ofi	11
ail	10
eêx	10
rea	10
hay	10
sco┤	10
rtj┤	10
aua	10
beb	10
├emb	10
Uen┤	10
├Dav	10
├Hge	10
yek┤	10
nsa	10
tsd	10
cup	10
oua┤	10
lch┤	10
├heb┤	10
├Mon	10
sru	10
├dol	10
ips┤	10
nno┤	10
nty	10
ydo	10
oek	10
├amo	10
tvr	10
acr	10
├Jua	10
bte┤	10
hsl	10
iar┤	10
├Moa	10
├kan┤	10
ysg	10
rns┤	10
├Doo	10
├dun	10
psr	10
moo	10
vot	10
bac┤	10
├Ney	10
├Laa	10
ump	10
usa	10
ksa	10
ghb	10
uyf	10
dtd	10
├lec	10
ife	10
dix┤	10
├fat	10
ell┤	10
fie	10
eoc	10
yag	10
├yma	10
├caf	10
├Sym	10
wol	10
├lin	10
├Mic	10
├byn	10
sup	10
├g'a	10
ghm	10
├oft┤	10
niy	10
ubb	10
vat	10
obo	10
aal	10
ylv	10
tei	10
├fon	10
aln	10
toy	10
├juy	10
cun	10
mne	10
taa	10
nke	10
hvu	10
nec	10
iin	10
tvl	10
├Gul	10
lke	10
dad	10
hol┤	10
├twi	10
clu	10
ito	10
let┤	10
├Nou	10
├Lil	10
iug	10
iie	10
eas	10
-Ge	10
wet	10
lui	10
fai	10
ndl┤	10
├deu	10
eat	10
ica┤	10
├hop	10
utc	10
beu	10
ibi	10
├cad	10
├wys┤	10
├bem┤	10
iei	10
kje┤	10
dha	10
rib	10
├oom┤	10
ngt	10
tli	10
xpl	10
nof	10
ire┤	10
├Wey	10
ffr	10
├ffi┤	10
lus┤	10
pus┤	10
mia	10
ict┤	10
rff	10
├Rae	10
├Omm	10
adl┤	10
├Gab	10
├Uwe┤	10
├vuy	10
ebh	10
ewu	10
├Qua	10
icq	10
fst	10
├bot	10
jou	10
apt	10
pho	10
rmu	10
├fru	9
├Tsi	9
bsz┤	9
ngj┤	9
urj┤	9
ing┤	9
├ist┤	9
uns┤	9
yls┤	9
erp┤	9
├FRA	9
├ple	9
utj┤	9
mbj┤	9
ekt┤	8
├cri	8
rff┤	8
├Ble	8
├fla	8
├sli	8
├Pla	8
erj┤	8
uws┤	8
├sty	8
ckj┤	8
lfs┤	8
├ghy	8
├sme	7
ncq┤	7
├twa	7
├kle	7
├Cha	7
├Chy	7
├swe	7
├Cri	7
ycq┤	7
abj┤	6
├sne	6
├pli	6
├Bla	6
rps┤	6
├sny	6
├cho	5
├Gla	5
├fri	5
├BRI	5
├cli	5
├Clo	5
aps┤	5
cxs┤	5
uft┤	5
erk┤	5
mst┤	5
├arm┤	5
├bli	5
ern┤	5
├Fre	5
├Tru	5
├glo	5
ydt┤	4
├Thi	4
ldt┤	4
├fra	4
okj┤	4
├vly	4
├Twe	4
anc┤	4
arp┤	4
├Vri	4
├smy	4
├cno	4
eph┤	4
├Spi	4
ilj┤	4
├wra	4
fft┤	4
├Cru	4
├tri	4
├gre	3
ymt┤	3
ngt┤	3
old┤	3
gst┤	3
lgh┤	3
├Who	3
unj┤	3
app┤	3
├gry	3
├gli	3
rmt┤	3
├Cli	3
etj┤	3
rct┤	3
├Vra	3
yss┤	3
EFF┤	3
arm┤	3
├fle	3
├flo	3
yrt┤	3
├Gru	2
├Elj┤	2
├chy	2
├Gre	2
├FRE	2
├sjo	2
eds┤	2
├smi	2
├kri	2
├dwi	2
├sno	2
├pha	2
icx┤	2
urg┤	2
adj┤	2
├dwe	2
onj┤	2
├gri	2
ulx┤	2
├srj┤	2
rft┤	2
asz┤	2
lst┤	2
acs┤	2
├phe	2
usz┤	2
lsz┤	2
alk┤	2
├kha	2
jrj┤	2
nsd┤	2
ums┤	2
esz┤	2
├phi	2
eps┤	2
ysz┤	2
amp┤	2
edj┤	2
ecs┤	2
kst┤	2
├PHI	2
amt┤	2
├Dry	2
ynd┤	2
├kra	2
├elc┤	2
erb┤	2
├TSU	1
├sna	1
sts┤	1
ahj┤	1
erw┤	1
├kne	1
OHN┤	1
mpj┤	1
├BRE	1
rcx┤	1
├Vru	1
akt┤	1
├Cre	1
ths┤	1
rlj┤	1
├kno	1
elv┤	1
sdj┤	1
idt┤	1
ycs┤	1
ohn┤	1
igd┤	1
├swy	1
├Bha	1
├plo	1
omj┤	1
inj┤	1
gch┤	1
olk┤	1
├Slu	1
ims┤	1
├scr	1
├Vry	1
lvs┤	1
├Sna	1
├Tro	1
ukj┤	1
├Bli	1
├gla	1
crj┤	1
ubj┤	1
├swi	1
ADJ┤	1
├PLA	1
├Tre	1
├yck┤	1
mph┤	1
LDS┤	1
├och┤	1
├SPE	1
├Sle	1
lgt┤	1
├pho	1
elp┤	1
├Vre	1
ojr┤	1
├DRE	1
├sco	1
├kry	1
├kre	1
spt┤	1
├tsz┤	1
├Alj┤	1
├Als┤	1
├end┤	1
jnt┤	1
├Dri	1
igt┤	1
kxt┤	1
itj┤	1
├dwa	1
ONS┤	1
├sly	1
├Bru	1
├clu	1
ijn┤	1
rwt┤	1
axt┤	1
mbt┤	1
ENS┤	1
cxz┤	1
├Try	1
cts┤	1
├gru	1
erf┤	1
├omt┤	1
├Tsu	1
├rhi	1
acx┤	1
enj┤	1
elc┤	1
tch┤	1
stx┤	1
ypt┤	1
├stv┤	1
├Thu	1
├Tha	1
rpt┤	1
mps┤	1
ong┤	1
├Pli	1
lpt┤	1
├Vro	1
nch┤	1
mdt┤	1
├STA	1
├wro	1
├Kha	1
rcq┤	1
ijs┤	1
yrs┤	1
yrj┤	1
├THY	1
├Sme	1
ofs┤	1
opj┤	1
pts┤	1
EST┤	1
ënt┤	1
ACT┤	1
ibj┤	1
uth┤	1
├Ons┤	1
├Cry	1
├Ghy	1
obj┤	1
├Oct┤	1
ind┤	1
