en	7769	68113	 lesen 	 brieven 	 gesanten 
n 	6101	63932	 lesen 	 brieven 	 zyn 
e 	4415	50887	 nae 	 de 	 vande 
de	3546	46451	 deser 	 de 	 vande 
er	5932	35813	 deser 	 hunner 	 gediscoureert 
t 	3415	32586	 heeft 	 met 	 gelegentheyt 
 d	1083	25741	 ditto 	 deser 	 de 
ge	4128	21897	 gesanten 	 gelegentheyt 	 gediscoureert 
nd	1905	21354	 vande 	 ende 	 landen 
an	2171	20443	 gesanten 	 van 	 bangry 
 v	1962	19811	 van 	 vande 	 vriendelyck 
ae	2037	17758	 nae 	 naer 	 haer 
te	2464	17494	 gesanten 	 te 	 contentement 
 s	1933	17268	 syner 	 soodanigen 	 soude 
ee	2513	17031	 heeft 	 gediscoureert 	 begeert 
 g	2586	16443	 gesanten 	 gelegentheyt 	 gediscoureert 
 e	516	16287	 ed 	 en 	 ende 
r 	1043	16023	 deser 	 hunner 	 syner 
s 	1962	14708	 rys 	 wichtmans 	 des 
 m	1050	13276	 met 	 maen 	 monterende 
re	2389	12695	 gediscoureert 	 despecheren 	 hare 
el	2366	12632	 gelegentheyt 	 vriendelyck 	 geladen 
oo	1480	12540	 soodanigen 	 antwoort 	 voor 
ve	1850	12245	 brieven 	 versocht 	 arriveren 
ch	2175	12231	 despecheren 	 versocht 	 geschieden 
 a	1391	11924	 antwoort 	 arriveren 	 atchin 
 o	1308	11204	 ootmoedige 	 op 	 oppercoopman 
et	1000	11164	 met 	 goet 	 raet 
 t	911	10808	 tyt 	 te 	 toegeseyt 
ck	1918	10768	 vriendelyck 	 dancksegginge 	 coninck 
me	1041	10767	 met 	 contentement 	 mede 
 h	872	10590	 h 	 heeft 	 hunner 
 w	733	10372	 waer 	 westcust 	 wichtmans 
on	1859	10179	 contentement 	 monterende 	 conincx 
ie	1509	9822	 brieven 	 vriendelyck 	 geschieden 
in	1619	9778	 princen 	 principalen 	 in 
 c	1465	9678	 contentement 	 campher 	 conincx 
se	1555	9511	 lesen 	 deser 	 toegeseyt 
va	437	9178	 van 	 vande 	 vaertuyghen 
es	1665	8849	 lesen 	 deser 	 gesanten 
 b	1706	8823	 brieven 	 bangry 	 begeert 
da	573	8679	 queda 	 soodanigen 	 dat 
or	1243	8631	 antwoort 	 voor 	 door 
al	987	8449	 principalen 	 ballast 	 malacca 
co	1151	8082	 gediscoureert 	 contentement 	 oppercoopman 
le	1571	7921	 lesen 	 gelegentheyt 	 principalen 
nt	1321	7812	 gesanten 	 gelegentheyt 	 antwoort 
st	1554	7493	 lasten 	 ballast 	 westcust 
 n	571	7200	 nae 	 naer 	 n^yoor 
ne	1184	7037	 hunner 	 syner 	 genegotieert 
he	983	6766	 heeft 	 gelegentheyt 	 despecheren 
ma	1000	6646	 maen 	 sumatra 	 oppercoopman 
so	585	6508	 soodanigen 	 versocht 	 soude 
rt	1313	6426	 gediscoureert 	 antwoort 	 begeert 
at	788	6188	 dat 	 dato 	 sumatra 
ed	1003	6167	 ed 	 queda 	 gediscoureert 
we	668	5950	 westcust 	 beweghen 	 wesen 
vo	606	5859	 voor 	 volgende 	 sanivoort 
ng	1494	5846	 bangry 	 dancksegginge 	 tingangh 
la	1149	5673	 landen 	 lamboe 	 geladen 
rs	965	5656	 versocht 	 voorstadt 	 persoon 
 i	476	5621	 in 	 inbeeldende 	 invaderen 
om	674	5606	 commissaris 	 om 	 comp 
wa	479	5522	 waer 	 waren 	 was 
ou	1014	5494	 gediscoureert 	 soude 	 wantrouwige 
 p	961	5466	 princen 	 principalen 	 peper 
be	1228	5419	 begeert 	 belooflde 	 bemachtigen 
ha	739	5317	 haer 	 hare 	 hadden 
ni	621	5314	 soodanigen 	 sanivoort 	 conincx 
h 	931	5301	 h 	 eerbiedigh 	 tingangh 
ke	1168	5291	 rycke 	 bedenckelyck 	 oirsaecke 
k 	724	5271	 vriendelyck 	 coninck 	 vastelyck 
oe	977	5232	 toegeseyt 	 goet 	 ootmoedige 
ec	1015	5103	 despecheren 	 secunda 	 gemaeckte 
ad	533	4956	 hadden 	 geladen 	 voorstadt 
ar	942	4867	 hare 	 arriveren 	 bharent 
yn	380	4847	 zyn 	 syner 	 zynde 
ra	1306	4822	 sumatra 	 raet 	 contrarie 
l 	789	4784	 veel 	 vol 	 sal 
ns	855	4685	 wichtmans 	 onse 	 alchinse 
sc	991	4637	 gediscoureert 	 geschieden 	 gescheyden 
na	626	4591	 nae 	 naer 	 laxamana 
op	488	4302	 op 	 oppercoopman 	 opclimmende 
di	842	4268	 ditto 	 gediscoureert 	 ootmoedige 
as	637	4181	 lasten 	 ballast 	 assisteeren 
ht	753	4166	 versocht 	 wichtmans 	 jacht 
 r	710	4132	 reede 	 rys 	 raet 
ac	878	4055	 jacht 	 malacca 	 bemachtigen 
to	621	4018	 ditto 	 toegeseyt 	 dato 
ey	843	3957	 gelegentheyt 	 toegeseyt 	 gescheyden 
uy	733	3882	 vaertuyghen 	 fluytschip 	 uyl 
 l	775	3831	 lesen 	 landen 	 lamboe 
ro	893	3809	 verovert 	 protecteeren 	 rooven 
yt	713	3807	 gelegentheyt 	 tyt 	 toegeseyt 
p 	186	3757	 op 	 fluytschip 	 comp 
a 	814	3722	 queda 	 sumatra 	 malacca 
rd	665	3672	 vermaerde 	 geconcipieerde 	 geprepareerde 
o 	380	3592	 ditto 	 dato 	 tico 
oc	396	3536	 versocht 	 nochte 	 mochten 
ta	696	3511	 voorstadt 	 stant 	 substantie 
eg	670	3483	 gelegentheyt 	 toegeseyt 	 begeert 
pe	737	3450	 despecheren 	 peper 	 oppercoopman 
em	657	3450	 contentement 	 bemachtigen 	 gemaeckte 
gh	946	3437	 eerbiedigh 	 vaertuyghen 	 tingangh 
ts	630	3301	 fluytschip 	 nederlantsen 	 herrewaerts 
ti	975	3228	 tingangh 	 tico 	 genegotieert 
ho	691	3216	 pistoolschoot 	 johor 	 bethoont 
sy	97	3165	 syner 	 sylieden 	 syne 
ri	788	3164	 brieven 	 princen 	 vriendelyck 
ot	374	3121	 ootmoedige 	 genegotieert 	 pistoolschoot 
y 	313	3114	 bangry 	 by 	 hy 
ic	737	3113	 wichtmans 	 tico 	 zich 
 j	299	3092	 jacht 	 jan 	 johor 
do	380	3072	 door 	 doen 	 dooden 
pa	588	3028	 principalen 	 partye 	 geprepareerde 
yc	744	3017	 vriendelyck 	 vastelyck 	 rycke 
m 	265	2981	 om 	 hem 	 ruym 
ly	721	2901	 vriendelyck 	 vastelyck 	 verclyninge 
ca	659	2901	 malacca 	 campher 	 malaccas 
ls	305	2882	 pistoolschoot 	 (als 	 als 
am	652	2875	 lamboe 	 priaman 	 campher 
ev	472	2855	 brieven 	 verbleven 	 gevolge 
ll	515	2671	 ballast 	 sullen 	 alleen 
ol	513	2670	 volgende 	 solpher 	 pistoolschoot 
ga	482	2658	 tingangh 	 legatie 	 prerogaliven 
it	496	2565	 ditto 	 johoriten 	 johorit 
go	332	2550	 goet 	 genegotieert 	 gouverneurs 
si	619	2545	 assisteeren 	 assistentie 	 versien 
sa	557	2510	 gesanten 	 sayer 	 sanivoort 
is	620	2486	 gediscoureert 	 grissee 	 pistoolschoot 
li	865	2451	 sylieden 	 opclimmende 	 verliondt 
tr	482	2373	 sumatra 	 contrarie 	 wantrouwige 
nc	461	2343	 princen 	 principalen 	 dancksegginge 
ud	189	2311	 soude 	 opgehouden 	 huyshouden 
eb	362	2270	 hebben 	 hebbende 	 gebruyckcn 
ig	610	2232	 soodanigen 	 ootmoedige 	 eerbiedigh 
 1	363	2211	 10 	 1125 	 13:2 
0 	248	2155	 10 	 50 	 60 
ja	225	2128	 jacht 	 jan 	 ja 
ss	534	2095	 grissee 	 commissaris 	 assisteeren 
lo	662	2068	 belooflde 	 lol 	 glorieusen 
ys	323	2058	 rys 	 huyshouden 	 geëyscht 
ff	476	2051	 brieff 	 off 	 offle 
' 	2	2033	 d' 	 t' 
 u	254	1991	 uyl 	 uemen 	 uytierste 
mo	410	1968	 ootmoedige 	 monterende 	 mochten 
ba	527	1957	 bangry 	 ballast 	 ambassaten 
 2	207	1928	 2 	 252627 	 22 
hi	318	1902	 geschieden 	 hier 	 fluytschip 
d'	13	1868	 d' 	 eend'ander 	 vand'overste 
dd	87	1865	 hadden 	 middel 	 bemiddelen 
ap	341	1864	 gecapleerl 	 vrunischap 	 haperingh 
mi	312	1805	 commissaris 	 misnoegende 	 minder 
nn	276	1790	 hunner 	 daerinne 	 geordonneert 
lv	150	1790	 selver 	 deselve 	 weshalven 
no	332	1772	 nochte 	 genoechsame 	 misnoegende 
ov	280	1765	 over 	 verovert 	 daerenboven 
ur	388	1752	 gediscoureert 	 faveur 	 geproccureert 
bo	497	1751	 lamboe 	 verbont 	 daerenboven 
rl	465	1732	 nederlantsen 	 verliondt 	 gecapleerl 
ry	305	1723	 bangry 	 rys 	 rycke 
d 	185	1705	 ed 	 gerard 	 d*ed 
 '	55	1674	 't 	 's 	 'by 
lt	341	1674	 gedeelte 	 hielt 	 gemelte 
ld	256	1671	 belooflde 	 inbeeldende 	 voldoeningh 
br	314	1570	 brieven 	 brenght 	 brieff 
hu	172	1566	 hunner 	 hun 	 hulpe 
ag	333	1547	 ragiepour 	 dagh 	 mueragie 
pr	366	1533	 princen 	 principalen 	 priaman 
ul	311	1515	 sulcx 	 sullen 	 speculatien 
  	1	1509	  
ft	140	1499	 heeft 	 schrift 	 ofte 
eu	421	1480	 glorieusen 	 periculeusen 	 faveur 
lc	182	1476	 alchin 	 sulcx 	 alchinse 
't	14	1442	 't 	 van't 	 nae't 
un	195	1441	 hunner 	 hun 	 gunt 
tt	408	1427	 ditto 	 schatten 	 facetten 
su	245	1409	 sumatra 	 substantie 	 sulcx 
wi	223	1392	 wichtmans 	 wantrouwige 	 wierl 
il	413	1388	 johorilen 	 previlegien 	 verwildert 
yd	254	1372	 gescheyden 	 tydingh 	 wyderingh 
of	185	1365	 belooflde 	 off 	 offle 
rc	303	1325	 oppercoopman 	 verclaert 	 verclyninge 
rn	182	1278	 vernielight 	 gouverneurs 	 gouverneur 
ep	324	1276	 peper 	 geprepareerde 	 reputatie 
ef	245	1270	 heeft 	 brieff 	 reformatie 
by	92	1262	 by 	 (by 	 concubyn 
mp	240	1259	 campher 	 comp 	 compsle 
2 	147	1255	 13:2 	 2 	 22 
mm	235	1232	 commissaris 	 opclimmende 	 immers 
gr	174	1216	 bangry 	 grissee 	 groeten 
ia	366	1216	 priaman 	 aliantie 	 diamant 
qu	318	1214	 queda 	 conquesle 	 delinquanlen 
 f	291	1207	 fluytschip 	 fieren 	 firmalie 
ew	235	1202	 beweghen 	 herrewaerts 	 bewogen 
cl	239	1197	 verclaert 	 opclimmende 	 verclyninge 
tu	227	1185	 vaertuyghen 	 portugiesen 	 20sturx 
ua	222	1160	 delinquanlen 	 avantguarde 	 guarde 
od	208	1153	 soodanigen 	 dooden 	 accommodabelsle 
th	270	1137	 gelegentheyt 	 bethoont 	 thouen 
wo	165	1131	 antwoort 	 bewogen 	 worden 
us	379	1127	 westcust 	 excuseert 	 glorieusen 
f 	144	1116	 brieff 	 off 	 aff 
vi	281	1116	 adviseert 	 previlegien 	 riviere 
bb	56	1109	 hebben 	 hebbende 	 schobbejacken 
os	339	1090	 malroose 	 ditlos 	 posten 
ye	238	1088	 sayer 	 partye 	 waerdye 
ea	168	1085	 realen 	 reacl 	 reael 
ty	128	1047	 tyt 	 partye 	 tydingh 
uc	286	1025	 gereduceerl 	 successive 	 successeur 
rg	291	1021	 sorgende 	 doorgaens 	 naergelaten 
lu	237	1020	 fluytschip 	 lucht 	 lust 
po	329	1009	 portugiesen 	 voorspoedige 	 indrapoura 
rm	224	995	 vermaerde 	 firmalie 	 reformatie 
dr	250	994	 redresseren 	 indrapoura 	 ordre 
mb	203	984	 lamboe 	 combineren 	 ambassaten 
pp	171	979	 oppercoopman 	 apprehenlie 	 apparent 
dt	202	970	 gelandt 	 voorstadt 	 landt 
ru	256	970	 vrunischap 	 gecorumpeert 	 barus 
rr	203	966	 arriveren 	 herrewaerts 	 grraans 
ut	243	963	 reputatie 	 hout 	 resolutie 
x 	77	959	 conincx 	 sulcx 	 zulcx 
sl	387	958	 conquesle 	 hooghslen 	 slaet 
vr	228	949	 vriendelyck 	 vreese 	 vrunischap 
ay	172	946	 sayer 	 may 	 thayl 
uw	250	892	 wantrouwige 	 mistrouwen 	 ontrouw 
pi	182	889	 pistoolschoot 	 geconcipieerde 	 concpiesten 
u 	229	877	 ticou 	 nu 	 myneu 
yl	228	842	 sylieden 	 d*eylanden 	 gehoorsaemheyl 
gi	253	842	 dancksegginge 	 portugiesen 	 previlegien 
eh	215	842	 opgehouden 	 gehoorsaemheyl 	 apprehenlie 
 3	131	829	 321 	 3 	 30 
hs	184	813	 genoechsame 	 hooghslen 	 chryghsmacht 
 4	122	795	 4 	 4600 	 40 
iv	112	790	 arriveren 	 sanivoort 	 prerogaliven 
ip	145	781	 principalen 	 fluytschip 	 geconcipieerde 
hr	122	780	 schrift 	 schriftelycke 	 chryghsmacht 
kt	156	771	 gemaeckte 	 vuylesieckte 	 verryckt 
ce	236	764	 princen 	 gereduceerl 	 successive 
sp	285	757	 despecheren 	 speculatien 	 voorspoedige 
cx	68	741	 conincx 	 sulcx 	 zulcx 
4 	136	741	 4 	 254 	 24 
tw	133	740	 antwoort 	 facetwerck 	 tweede 
af	329	738	 affcortinge 	 geaffligeert 	 affscheyt 
j 	203	735	 27j 	 ivj 	 vj 
5 	96	728	 1125 	 5 	 95 
av	148	711	 faveur 	 javaense 	 travaden 
bl	164	709	 verbleven 	 blyft 	 blyvende 
 q	121	701	 queda 	 quamen 	 queen 
00	105	694	 600 	 200 	 500 
og	187	686	 hoogh 	 aengetogen 	 hooghslen 
jo	115	680	 johor 	 johoriten 	 johorit 
id	169	677	 middel 	 bemiddelen 	 subsidien 
je	169	675	 bootjen 	 sluckjens 	 stuckjens 
pl	151	674	 gecapleerl 	 vreempl 	 gepleecht 
cc	149	661	 malacca 	 malaccas 	 accommodabelsle 
 k	176	660	 krack 	 krygen 	 kaertekoe 
uv	52	657	 gouverneurs 	 gouverneur 	 jangounauvoan 
ue	301	656	 queda 	 mueren 	 conquesle 
rw	141	646	 verwachten 	 verwildert 	 verwart 
10	83	637	 10 	 10:8 	 100 
ct	172	627	 protecteeren 	 directie 	 instructie 
 5	88	627	 5 	 50 	 500 
fe	205	607	 dieffelyck 	 defentie 	 infesteren 
hy	72	598	 hy 	 parthye 	 schynsel 
bi	167	592	 eerbiedigh 	 combineren 	 binnen 
8 	110	590	 75648 	 10:8 	 8 
ug	112	581	 portugiesen 	 rugge 	 portugees 
6 	82	580	 79756 	 6 	 106 
rv	147	579	 overvloet 	 overvloedigh 	 ondervraecht 
3 	71	578	 3 	 133 	 1263 
im	207	577	 opclimmende 	 immers 	 panglima 
ir	218	574	 oirsaecke 	 firmalie 	 comptoirs 
rh	171	564	 overhandight 	 opperhooft 	 metterhaest 
sg	46	564	 mitsgaders 	 alitsgaders 	 insgelycx 
au	223	558	 augusto 	 augusly 	 augusty 
my	41	555	 myn 	 myne 	 my 
 z	103	552	 zyn 	 zynde 	 zyne 
cr	190	543	 gecregen 	 nacr 	 croone 
 6	77	530	 60 	 6 	 600 
lg	83	528	 volgende 	 gevolge 	 aenvolgende 
 (	170	520	 (als 	 (by 	 (tot 
1 	93	519	 321 	 1 	 21 
pm	30	515	 oppercoopman 	 coopman 	 coopmanschappen 
du	135	492	 gereduceerl 	 duysent 	 duystere 
ya	93	481	 vyanden 	 orangkaya 	 vyant 
yg	103	479	 vaertuyghen 	 weygeringh 	 krygen 
i 	236	478	 mei 	 ffi 	 ambassadeui 
fl	195	475	 fluytschip 	 belooflde 	 offle 
tc	98	469	 westcust 	 atchin 	 westcusts 
 8	64	457	 8 	 80 	 8598 
cu	151	455	 westcust 	 secunda 	 excuseert 
pt	126	453	 comptoirs 	 september 	 coniptoir 
wy	103	447	 wy 	 wyderingh 	 wyders 
20	62	439	 20sturx 	 200 	 209 
ei	208	435	 mei 	 vermeit 	 eiide 
ek	180	433	 treek 	 onbekenl 	 kaertekoe 
7 	73	430	 7 	 252627 	 17 
yv	71	426	 blyvende 	 suyver 	 schryven 
gu	108	421	 gunt 	 gunstigh 	 augusto 
gg	76	420	 dancksegginge 	 rugge 	 seggen 
ph	83	405	 solpher 	 campher 	 stephanus 
rb	150	398	 eerbiedigh 	 verbleven 	 verbont 
 y	69	397	 yder 	 ysere 	 yser 
ab	183	395	 accommodabelsle 	 vagabonden 	 fabriceren 
io	157	391	 verliondt 	 /aiostroiia 	 cionincx 
bu	115	391	 buyten 	 forcenburgh 	 buytenste 
nu	90	389	 stephanus 	 continueel 	 nu 
ui	162	385	 schuit 	 ambassadeui 	 gouinck 
mt	73	384	 omtrent 	 'omtrent 	 ruymte 
tv	92	375	 santvoort 	 uytval 	 uytvercoren 
tg	164	375	 goetgevonden 	 avantguarde 	 dootgescholen 
nl	190	374	 preminenlien 	 mandamenlen 	 gelegenlheyt 
vy	55	370	 vyanden 	 vyfligh,soo 	 advys 
c 	85	361	 etc 	 uwc 	 hoc 
oi	145	360	 oirsaecke 	 comptoirs 	 cleynoilien 
fi	185	356	 fieren 	 firmalie 	 ffi 
ki	116	348	 kinderen 	 arrackie 	 geluckige 
 7	59	344	 7 	 75648 	 79756 
sw	82	338	 swaeren 	 swarte 	 swarten 
tj	115	336	 bootjen 	 tonsitja 	 pitjens 
9 	73	318	 29 	 209 	 19 
ci	136	317	 principalen 	 geconcipieerde 	 artiflciele 
ms	99	315	 willemsz 	 roomse 	 blixems-vuer 
dv	59	312	 adviseert 	 advance 	 advys 
lh	80	311	 gelegenlheyt 	 alhoewel 	 gebelh 
cb	203	310	 choromandelscbe 	 scbuldigh 	 gantscben 
ak	59	309	 geraken 	 ak 	 welgaka 
50	56	303	 50 	 150 	 500 
zy	25	298	 zyn 	 zynde 	 zyne 
oy	92	297	 oyt 	 noyt 	 coyangh 
12	69	296	 1125 	 12 	 1263 
ob	90	291	 jacob 	 schobbejacken 	 probeeren 
nw	75	281	 jegenwoordigh 	 jegenwoordigen 	 inwoonderen 
lf	67	277	 elff 	 halff 	 desselffs 
ju	47	265	 juny 	 juweelen 	 july 
30	44	263	 30 	 13054:8:2 	 300 
ex	92	259	 excuseert 	 alexanders 	 (extreme 
fa	125	258	 faveur 	 facyl 	 facetwerck 
dj	55	254	 maradja 	 radja 	 bidje 
b 	116	252	 jacob 	 1b 	 bemachtingb 
ah	75	250	 pahangh 	 braham 	 eerlahgh 
fo	91	249	 reformatie 	 informatie 	 forcenburgh 
nv	117	248	 invaderen 	 onverslandigh 	 onverstandigh 
oa	73	248	 joan 	 jangounauvoan 	 goa 
40	45	247	 1400 	 40 	 15401 
vl	87	245	 vlyt 	 overvloet 	 vlote 
lp	51	241	 solpher 	 hulpe 	 helpeh 
ai	132	239	 aiïairen 	 bataille 	 magaitcha 
15	62	238	 150 	 15 	 15401 
eq	69	238	 gequesten 	 bequamen 	 gequetsten 
cq	91	237	 leecq 	 tolcq 	 trocqueren 
um	91	232	 sumatra 	 sumalras 	 gecorumpeert 
tl	108	231	 ditlos 	 musquetlen 	 namentlyck 
fs	58	226	 nederlanfsche 	 vergeeffs 	 affscheyt 
eo	102	217	 geordonneert 	 geordonneerden 	 geoordeelt 
rj	53	215	 aerjvruchten 	 bacarj 	 ciborj 
yo	40	214	 n^yoor 	 mayoor 	 durramayo 
fg	102	214	 affgeslooffde 	 affgestorvene 	 affgaende 
yf	80	209	 blyft 	 vyfligh,soo 	 vyff 
rp	75	206	 geworpen 	 legerplaets 	 scharp 
's	22	203	 's 	 limoury's 	 vei'slaen 
 9	45	203	 95 	 90 	 9 
ps	89	201	 compsle 	 bontemps 	 affcompste 
nh	60	192	 inhoudt 	 inhout 	 inhabitanten 
16	58	192	 1641 	 16 	 5168 
if	103	189	 schrift 	 schriftelycke 	 artiflciele 
nb	111	187	 daerenboven 	 inbeeldende 	 onbeschamelyck 
ny	55	184	 juny 	 anthony 	 snyt 
t'	7	183	 t' 	 int'heymelyck 	 ext'raordinarie 
mu	73	182	 mueren 	 musquettiers 	 musquetteryen 
dy	46	182	 waerdye 	 mardyckers 	 ady 
60	44	180	 60 	 600 	 4600 
11	67	178	 1125 	 112 	 1211 
md	51	178	 vnmden 	 genoemde 	 omdat 
25	38	177	 1125 	 252627 	 254 
tb	79	170	 ontbloot 	 partbye 	 ontbieden 
13	64	169	 13:2 	 133 	 13054:8:2 
w 	60	168	 ontrouw 	 balouw 	 nassouw 
gb	100	166	 bemachtingb 	 gangbaer 	 ondienstigb 
tx	3	166	 stx 	 12stx 	 4^tx 
fd	49	165	 brieffden 	 gelieffden 	 gelieffde 
14	52	165	 14 	 /'64145 	 1400 
sm	72	164	 chryghsmacht 	 stadsmueren 	 geësmalteert 
yr	59	163	 duyren 	 buyren 	 uyr 
ka	57	157	 orangkaya 	 orangkays 	 kaertekoe 
18	50	157	 18 	 18273.8.6 	 188 
ze	47	155	 zee 	 zeylei 	 zeehavens 
sn	62	153	 misnoegende 	 snyt 	 misnoegen 
pg	79	153	 opgehouden 	 opgenomen 	 opgesonden 
bt	84	153	 hebt 	 geobtineert 	 waeracbtigh 
ks	69	151	 dancksegginge 	 turckse 	 vandekerckstraet 
oh	27	151	 johor 	 johoriten 	 johorit 
17	57	150	 17 	 11713.4.8 	 28617.11.8 
bh	21	149	 bhaer 	 bharent 	 bharen 
tn	45	149	 ontnomen 	 sietniet 	 uytnemende 
80	46	148	 80 	 800 	 8088.4 
pu	64	147	 reputatie 	 purpre 	 opulent 
fr	60	146	 fregat 	 frequenterende 	 franse 
sd	48	140	 alsdan 	 alsdoen 	 desdve 
lj	53	138	 giljou 	 hgaljot 	 loffelj 
up	66	135	 troupen 	 troup 	 chaloupen 
nj	51	135	 wawanj 	 oranj^icaya 	 panjangh 
(d	18	131	 (die 	 (door 	 (dat 
aa	75	130	 grraans 	 staat 	 aanbrengende 
 ü	21	130	 ü.e 	 üe 	 ü 
ym	47	127	 panghlymas 	 symon 	 onstuymigh 
td	46	126	 jachtden 	 goutdraeth 	 goetduncken 
24	54	126	 24 	 3244 	 4240 
ub	57	125	 substantie 	 subsidien 	 concubyn 
z 	38	125	 anthonisz 	 willemsz 	 jansz 
 *	19	116	 *sconincx 	 *t 	 *tsware 
sz	34	116	 anthonisz 	 willemsz 	 jansz 
ao	49	114	 aongebraght 	 laout 	 baoarj 
lm	50	113	 nelmonam 	 nelmoes 	 almachtigh 
lr	58	112	 alreets 	 sumalras 	 verlrocken 
ü 	12	110	 ü 	 vaü 	 eylandeü 
ii	98	109	 eiide 	 ontstiicken 	 zyiie 
19	41	108	 19*^0 	 19 	 195 
q 	45	106	 leecq 	 tolcq 	 joncq 
28	34	105	 28 	 280 	 228 
21	30	99	 321 	 21 	 1211 
kh	39	99	 packhuysen 	 redelyckheyt 	 reedelyckheyt 
26	34	98	 252627 	 1263 	 26661272 
uh	23	98	 touhender 	 louhoe 	 iuhoude 
hd	62	98	 vervoeghde 	 langhdurige 	 benoodighde 
wt	32	98	 gebouwt 	 vernieuwt 	 prauwtje 
iu	75	98	 gaiusch 	 iusgelyckx 	 ververssiugh 
22	28	97	 22 	 22000 	 52294 
hl	81	96	 panghlymas 	 wachler 	 rechlelyck 
lw	33	96	 alwaer 	 schillwachten 	 yelwes 
d*	46	95	 d*eylanden 	 d*onse 	 d*ed 
fy	25	95	 fyn 	 höuffysers 	 fyne 
xp	20	94	 expireeren 	 expireercn 	 expresse 
pd	16	94	 opdat 	 epde 	 opde 
70	30	93	 70 	 6702:15 	 3700 
bs	38	92	 substantie 	 subsidien 	 non-observantie 
ib	56	91	 liberale 	 liberael 	 sibederadia 
xa	26	88	 laxamana 	 relaxatie 	 alexanders 
*t	14	88	 *t 	 ovei*treders 	 spaengiaei*t 
27	41	85	 252627 	 27j 	 327 
nr	41	84	 onreyne 	 onreedelyck 	 henrick 
tf	21	81	 ontfangen 	 jtfalacca 	 ontfanger 
gc	20	80	 orangcaya 	 orangcay 	 aengcsecht 
aw	22	79	 dermawan 	 sawasse 	 sawack 
 ^	65	78	 ^esamentlycken 	 ^/g 	 ^handt 
23	29	77	 23 	 235 	 23748 
29	26	76	 29 	 52294 	 122978 
tm	44	75	 ootmoedige 	 wichtmans 	 etmael 
ën	17	75	 natiën 	 ëngelschen 	 audiëntie 
sh	52	74	 weshalven 	 mishaeght 	 huyshouden 
.e	11	74	 .ende 	 ü.e 	 u.e 
ax	25	73	 laxamana 	 relaxatie 	 maximilaen 
nf	43	73	 nederlanfsche 	 informatie 	 infesteren 
v^	54	72	 v^reder 	 v^elken 	 hetv^elck 
xc	30	71	 excuseert 	 excedeert 	 excusen 
ds	33	71	 soods^t 	 stadsmueren 	 geadsisteert 
zu	22	70	 zulcx 	 zullen 	 zuytzyde 
(s	15	68	 (synen 	 (spoelende 	 (synde 
ië	15	68	 natiën 	 audiëntie 	 actiën 
nm	45	66	 vnmden 	 eenmael 	 onmogelyck 
45	34	66	 /'64145 	 /^45089:2:2 	 45 
yp	25	66	 cypous 	 incruypen 	 grypskerck 
ko	39	65	 kaertekoe 	 bekomen 	 konnen 
ej	33	64	 naergejaeght 	 schobbejacken 	 wechgejacht 
sj	40	64	 baelsjanse 	 pitsjaren 	 pitsjaringen 
sk	33	64	 grypskerck 	 grypskercken 	 berghsken 
kl	34	62	 conincklycke 	 coninckl 	 tïonincklycke 
64	30	61	 75648 	 /'64145 	 1641 
90	26	61	 90 	 900 	 69900 
41	32	61	 /'64145 	 1641 	 416 
35	32	61	 35 	 235 	 355 
rk	39	58	 draerk 	 verkeerdelyck 	 erkennen 
u.	6	58	 u.e 	 u.ed 	 vei'soeckeu.ed 
34	36	58	 634 	 34 	 340 
sv	42	57	 iholsvryheyt 	 huysvrouwe 	 scheepsvolck 
cn	52	57	 gebruyckcn 	 aengecomcn 	 cniyt 
iy	51	57	 cniyt 	 iiyt 	 gfooleiycx 
gs	27	56	 wangsa 	 padangs 	 langs 
aj	21	56	 vaj^den 	 cajelj 	 ajuyn 
^e	52	55	 ^esamentlycken 	 v^elken 	 hetv^elck 
dl	32	54	 stadl 	 goudldraeth 	 vdlde 
rf	36	53	 rf 	 perfidieuse 	 verderff 
yw	14	52	 vrywilligb 	 galywongen 	 calywangen 
*s	19	51	 *sconincx 	 vei*sterckende 	 vooi*s 
kj	17	51	 sluckjens 	 stuckjens 	 coeckjens 
xe	24	51	 blixems-vuer 	 getaxeerde 	 getaxeerl 
36	26	51	 436 	 36977 	 36034 
47	36	51	 4772^4 	 47 	 472 
fu	27	51	 furieus 	 refuseren 	 affuyten 
48	33	50	 75648 	 23748 	 48 
g 	37	50	 bemaehting 	 ^/g 	 nog 
38	30	50	 3800 	 304838.3 	 304838.3.1 
mr	14	49	 mr 	 faclmre 	 omringht 
gl	32	48	 glorieusen 	 panglima 	 glinsterende 
74	34	48	 74 	 23748 	 74954 
42	27	48	 42 	 4240 	 114271 
75	29	47	 75648 	 79756 	 75 
cs	29	47	 csiobbe 	 aengcsecht 	 malacse 
32	36	46	 321 	 3244 	 327 
vu	28	46	 vuylesieckte 	 vullen 	 blixems-vuer 
sq	17	46	 musquettiers 	 musquetteryen 	 musquetcogel 
yi	34	46	 geduyi'igh 	 dewyie 	 zyiie 
ml	28	46	 laml>oe 	 d*aml)oinse 	 stormleeren 
44	34	45	 3244 	 144 	 440 
sr	25	45	 negotijsren 	 disrespect 	 prauvsr 
kx	17	45	 jaerlyckx 	 cockxhuysen 	 ryckx 
62	33	44	 252627 	 620 	 6240 
v 	12	44	 \v 	 v 	 iv 
eê	24	44	 geêxlimeeri 	 geêschappeert 	 geêmployeert 
72	35	44	 26661272 	 19272 	 4772^4 
hg	37	43	 wechgejacht 	 eerlahgh 	 hgasteelpleyn 
xt	24	43	 (extreme 	 pretext 	 pretexte 
57	30	43	 757 	 57 	 57795 
yb	19	43	 caybobors 	 caybobo 	 wayboutj 
nq	29	42	 conquesle 	 delinquanlen 	 conquesteren 
py	24	42	 gespyst 	 spyscamer 	 sopy 
37	27	42	 23748 	 3700 	 37 
é 	19	42	 endé 	 naé 	 tomé 
gn	33	41	 compaignién 	 resigneren 	 gebesoigneerde 
43	28	41	 436 	 43 	 243 
dc	35	40	 maéndcn 	 endc 	 confdck 
:1	40	40	 6702:15 	 26:12 	 8:13 
^a	29	40	 v^as 	 l^adviseren 	 v^anneer 
vn	26	39	 vnmden 	 vnlden 	 vnert 
kr	17	39	 krack 	 krygen 	 kreken 
lb	26	39	 llberaelsten 	 middelburg 	 omselb 
mn	25	39	 omnie 	 solemnele 	 solemniteyten 
58	23	39	 58 	 58600 	 6758 
mh	21	38	 gehoorsaemheyl 	 omhelsden 	 gehoorsaemheyt 
dm	17	38	 administralie 	 admitteren 	 admirael 
(v	8	38	 (vande 	 (volgen 	 (vermits 
iw	20	38	 'iwelck 	 plittiwadj 	 pattiwanis 
.1	38	38	 19832.13 	 .11 	 67962.15.6 
56	24	37	 75648 	 79756 	 7756 
46	25	37	 4600 	 14466.5.8 	 46 
hc	21	37	 hcasleel 	 valschc 	 oranghcays 
31	22	37	 31 	 13185 	 3178 
54	27	36	 254 	 13054:8:2 	 15401 
eé	18	36	 geéyscht 	 eénige 	 geéxecuteert 
(o	14	36	 (ofte 	 (op 	 (onder 
tp	20	36	 sutphen 	 zutphen 	 hooftplaetse 
52	23	35	 252627 	 52294 	 52 
l)	33	35	 l)eseth 	 l)eter 	 l)emerckende 
88	29	35	 8088.4 	 188 	 8820.1 
(a	13	34	 (als 	 (alsschoon 	 (aldaer 
uf	22	34	 höuffysers 	 sufiqsant 	 nootdruft 
 .	33	34	 .niet 	 .ende 	 .nu 
iq	17	34	 iiiquey 	 sufiqsant 	 aiqoopen 
g'	23	34	 g'armeert 	 g'arriveert 	 g'intituleert 
77	29	34	 4772^4 	 77 	 7756 
51	23	34	 5168 	 251 	 51 
wr	26	33	 twryffelden 	 wrenschte 	 wrel 
za	15	33	 zayer 	 zal 	 zak 
61	19	33	 26661272 	 28617.11.8 	 61 
67	29	33	 6702:15 	 2673 	 67962.15.6 
i*	31	33	 ovei*treders 	 i*aetspersoonen 	 spaengiaei*t 
86	24	33	 28086 	 28617.11.8 	 86 
39	19	33	 73921 	 39842 	 39 
)e	31	32	 l)eseth 	 l)eter 	 l)emerckende 
bj	13	32	 lolobj 	 hatibj 	 bjnnen 
(g	9	32	 (gelyck 	 (goninck 	 (god 
d^	26	32	 d^wh 	 d^ed 	 d^onderstaedde 
sb	19	32	 clappusboomen 	 schaersbeyt 	 reynsbnrg 
fk	9	32	 brieffken 	 v^ffkens 	 brieffkens 
81	25	32	 81 	 18177 	 1088150 
33	22	31	 133 	 33 	 3350 
'i	16	31	 geduyi'igh 	 'i 	 'iwelck 
uo	30	31	 quofqmaniere 	 uolianders 	 bontgeuooten 
np	27	31	 woonplaetse 	 tonp 	 buytenplaetsen 
ux	5	31	 soubsoueux 	 stux 	 slux 
ky	22	30	 ballacky 	 minalaky 	 kackyaly 
 ë	10	30	 ëngelschen 	 ëd 	 ëngelsen 
fb	19	30	 affbetaelt 	 affbreuck 	 affbyten 
kb	17	30	 ganckbaer 	 cranckbesoeckers 	 feytelyckbeyt 
55	18	30	 55 	 355 	 155 
82	18	30	 18273.8.6 	 821 	 8820.1 
79	23	29	 79756 	 50799 	 67962.15.6 
pc	14	29	 opclimmende 	 opcoop 	 dpch 
fc	19	29	 affcortinge 	 fcyn 	 affcompste 
i'	29	29	 geduyi'igh 	 seci'etelyck 	 vei'slaen 
ok	20	29	 vokk 	 kerokringh 	 lokj 
08	26	29	 /^45089:2:2 	 8088.4 	 28086 
89	26	29	 /^45089:2:2 	 158969 	 808920.10 
68	25	29	 5168 	 68098.4 	 174688 
^s	22	29	 hollandei^s 	 tidor^s 	 t^samen 
kw	11	29	 lackwerck 	 dickwyls 	 stuckwercken 
yh	13	28	 iholsvryheyt 	 tholvryheyt 	 byhebbende 
oj	12	28	 geprojecteert 	 geprojecteerde 	 ojklat 
km	12	28	 dickmael 	 cloeckmoedigh 	 cloeckmoedige 
49	21	28	 49 	 74954 	 24967 
pb	15	28	 opboeyden 	 olipbant 	 opbreecken 
*o	12	27	 d*onse 	 d*oranghcays 	 d*oude 
05	19	27	 13054:8:2 	 305 	 2905306 
85	22	27	 8598 	 85 	 12085 
hv	22	27	 vermenighvuldighde 	 hvrundelyck 	 hverbaelde 
94	25	27	 s994 	 /'944.9 	 52294 
^2	16	27	 ^2 	 ^2592 	 5^2 
k)	17	27	 lk)ort 	 oork)gh 	 gek)offden 
hm	21	27	 menichmael 	 hooghmoedigh 	 hooghmoedige 
sé	4	27	 passé 	 £scoursén 	 sélve 
*e	12	26	 d*eylanden 	 d*ed 	 d*eene 
cy	20	26	 facyl 	 fcyn 	 specy 
zo	11	26	 zout 	 zoo 	 zond 
92	19	26	 19272 	 73921 	 9242 
^n	22	26	 affvaerdig^n 	 alsvi^nneer 	 g^nerael 
76	20	26	 76 	 7692 	 765 
65	19	26	 15165 	 765 	 894465:11 
^t	24	25	 soods^t 	 m^t 	 affgevaerdi^t 
ix	9	25	 blixems-vuer 	 radix 	 orixa 
59	23	25	 8598 	 59 	 459 
vs	17	25	 prauvsr 	 vsraermede 	 vsrat 
96	20	25	 1964.9 	 67962.15.6 	 24967 
nk	20	25	 geschenken 	 coninkryck 	 tonkins 
53	24	25	 5374 	 115534 	 153846 
pk	10	24	 scheepken 	 speelscheepken 	 schulpkens 
95	20	24	 95 	 195 	 955 
02	19	24	 202 	 6702:15 	 124028.3 
06	20	24	 106 	 21060 	 3064 
01	19	24	 15401 	 40120 	 201600 
07	22	24	 50799 	 2007va 	 2075 
ln	14	24	 geconflneert 	 vogelnestjes 	 giroffelnagelen 
ji	19	24	 ketjil 	 kitjil 	 jirauwen 
^o	21	24	 dodin^o 	 moluc^o 	 (^onincx 
87	13	24	 87 	 13287 	 871 
^i	21	24	 ^^i 	 jeg^is 	 ^ide 
97	20	23	 79756 	 36977 	 120975 
63	17	23	 1263 	 634 	 1633 
lk	20	22	 v^elken 	 calk 	 molkahou 
 /	22	22	 /aiostroiia 	 /"ötols 	 /'64145 
66	17	22	 26661272 	 32662 	 14466.5.8 
'a	19	22	 g'armeert 	 g'arriveert 	 bekentisendet'auen 
84	17	22	 84 	 33084 	 39842 
(t	8	21	 (tot 	 (ten 	 (te 
én	18	21	 maéndcn 	 compaignién 	 eénige 
mg	18	21	 omgeseth 	 eemge 	 omgingen 
)o	20	21	 d*aml)oinse 	 lk)ort 	 gayb(d)o 
dw	13	21	 dwingen 	 gedwongen 	 dwers 
xd	3	20	 rycxdaelder 	 rycxdaelders 	 suicxdat 
gy	14	20	 gy 	 bogy 	 chirurgyns 
uu	17	20	 xuua 	 gecontiuueert 	 suuen 
bc	19	20	 bctaemt 	 gaybc^s 	 ofbcieren 
71	17	20	 71 	 11713.4.8 	 114271 
03	17	20	 1030 	 36034 	 103250 
78	17	20	 47864 	 122978 	 78 
(n	8	19	 (nae 	 (niet 	 (naer 
(w	12	19	 (wie 	 (waeronder 	 (waer 
^r	17	19	 v^reder 	 rivit^re 	 verseeck^ren 
*a	15	19	 d*advance 	 d*aml)oinse 	 i*aetspersoonen 
(h	11	19	 (hun 	 (hoewel 	 (hebbende 
'e	17	19	 tidor'ende 	 seci'etelyck 	 jai'en 
gt	9	19	 volgt 	 onbeschadigt 	 gebergte 
hn	17	19	 hnlpe 	 hnederlants 	 schehnen 
hw	9	19	 hwelck 	 hwerck 	 hwaeter 
rq	19	19	 imbarqueren 	 daerqmme 	 verquickt 
91	15	19	 1991 	 1144915.19.11 	 3917 
04	17	19	 304838.3 	 304838.3.1 	 5048 
mc	12	18	 aengecomcn 	 gesmckert 	 gonimcx 
gm	5	18	 egmont 	 bgmont 	 augmentatie 
99	15	18	 s994 	 50799 	 1991 
^d	14	18	 vaj^den 	 w^dra 	 ^de 
69	16	18	 69 	 469 	 36977 
73	17	18	 2673 	 18273.8.6 	 2730 
ih	15	17	 ihollen 	 iholsvryheyt 	 ihoorn 
(m	13	17	 (met 	 (maeckende 	 (meest 
eë	10	17	 geëyscht 	 geësmalteert 	 geëffectueert 
vd	16	17	 vdn 	 vdlde 	 vdsselingh 
wu	9	17	 bewust 	 herlwuwt 	 lantlwuweryen 
vj	7	17	 ivj 	 vj 	 advjseeren 
kk	8	17	 vokk 	 hetwekk 	 wekken 
98	16	17	 8598 	 19832.13 	 68098.4 
gf	17	17	 optreckingfa 	 gfooleiycx 	 langfas 
ë 	4	17	 u.ë 	 ë 	 uytvoerendë 
n^	16	16	 n^yoor 	 dodin^o 	 open^eruckt 
09	16	16	 209 	 68098.4 	 10988 
e^	16	16	 gecommitteerde^heeren 	 de^:selven 	 ge^yscht 
ér	15	16	 eerstér 	 gérestitueert 	 insondérheyt 
l^	14	16	 l^adviseren 	 l^st 	 l^t 
fv	11	16	 affvaerdig^n 	 affvallen 	 brieffvanden 
i^	16	16	 hollandei^s 	 affgevaerdi^t 	 alsvi^nneer 
83	14	16	 19832.13 	 304838.3 	 83709.1.12 
^^	16	16	 ^^i 	 p^^l 	 <^^6s 
9.	16	16	 83709.1.12 	 148579.11.13 	 9.10 
zi	10	15	 zich 	 zielen 	 zijn 
ij	14	15	 negotijsren 	 zijn 	 schijnt 
sf	9	15	 sfaen 	 augusfco 	 diensf 
^4	12	15	 /^45089:2:2 	 4772^4 	 1^4 
(e	9	15	 (extreme 	 tama(en 	 (e 
ow	11	15	 soowel 	 lowys 	 ampowan 
 x	10	15	 xulla 	 xuua 	 xula 
cf	13	15	 acfy 	 ^macfatsaemheyt 	 licff 
 [	6	15	 [sic 	 [luytenants 	 [palembang 
(f	2	15	 a(f 	 (f 
gd	14	15	 verwittigd 	 ingd 	 gd)rant 
yk	14	14	 bedenckelyk 	 aensienelyke 	 affreyken 
iï	14	14	 aiïairen 	 scliïs 	 aiïschielen 
éy	4	14	 geéyscht 	 geéyschte 	 geéyndight 
v4	7	14	 v4 	 *v4 	 17v4 
ku	12	14	 broeckum 	 brouckum 	 bakus 
yu	14	14	 (zyude 	 weyuigh 	 (syude 
xs	12	14	 noordelyckxste 	 insgelycxs 	 gevoeghlycxste 
.8	14	14	 14466.5.8 	 11713.4.8 	 18273.8.6 
8.	14	14	 18273.8.6 	 8088.4 	 68098.4 
(u	5	14	 (uytgesondert 	 (uyt 	 (uytwysende 
dh	8	14	 sabandhar 	 schildpadhoorn 	 brandhout 
93	10	14	 93 	 17930 	 28493 
èn	10	14	 aèn 	 jegènwoordigh 	 cènto 
xr	4	14	 rycxraden 	 rycxrael 	 rycxraet 
tk	12	14	 laetkens 	 suytkant 	 ontkennende 
(b	8	13	 (by 	 (bestaende 	 (buyten 
hb	9	13	 hboecken 	 ganghbaer 	 kettinghboeven 
s^	12	13	 soods^t 	 s^gagie 	 (veyns^e 
e'	13	13	 nae't 	 forluyne'baer 	 gemelte'geboth 
'd	13	13	 'den 	 noo'digh 	 wiei'd 
'/	12	13	 '/,o 	 '/s 	 tote'/i 
-g	6	13	 laut-geram 	 gouverneur-generael 	 gouvemeur-generael 
'l	5	13	 'leylant 	 'l 	 gesh'lt 
 -	13	13	 -dat 	 -vande 	 -lont 
êy	4	13	 geêyst 	 geêyscht 	 geêyschte 
az	5	13	 vaz 	 azyn 	 trimelevaz 
t-	10	12	 diamant-pendanten 	 diamant-ringen 	 laut-geram 
kn	11	12	 beknopte 	 gekneust 	 cknnp 
dé	12	12	 endé 	 insondérheyt 	 déselve 
r-	5	12	 gouverneur-generael 	 gouvemeur-generael 	 ontfanger-generael 
^g	12	12	 s^gagie 	 aens(^ggen 	 (^gereyst 
ws	8	12	 cartouws 	 balouws 	 lauwsen 
uk	12	12	 koukercken 	 schelmstukken 	 lauky 
^l	12	12	 j^ly 	 ders^lver 	 p^^l 
 è	5	12	 è 	 èchade 	 ènde 
êm	6	12	 geêmployeert 	 geêmporteert 	 geêmaneert 
7a	11	12	 7a 	 27a 	 427a 
c!	7	12	 c!oninck 	 c!ompo8tel 	 c!hristen 
ik	8	12	 schrik 	 ik 	 coloriken 
xi	9	11	 maximilaen 	 maxime 	 maxima 
wl	11	11	 trouwloosen 	 wlert 	 trouwloos 
8:	11	11	 13054:8:2 	 8:13 	 717208:10:12 
dg	11	11	 lodgie 	 edgelsen 	 aedgaende 
mw	9	11	 stormwind 	 omwegen 	 somwylen 
^/	11	11	 ^/g 	 2544^/4 	 6^/4 
cj	4	11	 macjan 	 vertrcjcken 	 cjomp 
6.	11	11	 14466.5.8 	 26218.16.6 	 255343.16.15 
oü	11	11	 groüwelycke 	 negoüanten 	 tayoüan 
gj	5	11	 ringj 	 soumongj 	 spangjaerden 
pw	5	11	 gopw 	 hoopwel 	 opwater 
6o	1	11	 6oa 
!o	6	11	 c!oninck 	 c!ompo8tel 	 c!olumbo 
v2	8	11	 7v2 	 6v2 	 v2 
bn	10	11	 bngelsen 	 reynsbnrg 	 geradbneerden 
fh	9	11	 drouffheyt 	 affhandich 	 ofhaddedaer 
0:	10	10	 10:8 	 808920:18 	 717208:10:12 
êx	8	10	 geêxlimeeri 	 geêxamfaieert 	 geêxcuseert 
vv	10	10	 vveltigh 	 vvrasch 	 ™v^r^,^^vv^t\!^w 
2:	10	10	 /^45089:2:2 	 6702:15 	 2:9:3 
3.	10	10	 3.a 	 11713.4.8 	 18273.8.6 
 :	7	10	 :3 	 :13:10 	 :18 
wd	8	10	 getrouwde 	 getrouwden 	 gebouwde 
(i	6	10	 (insonderheyt 	 (immers 	 (in 
jn	10	10	 bjnnen 	 jnochtse 	 zijn 
él	9	10	 hwélcke 	 réle 	 mél 
4.	10	10	 11713.4.8 	 /'944.9 	 1964.9 
üy	7	10	 üyt 	 üytgewrocht 	 voornamenüyck 
dp	8	10	 dpor 	 dpch 	 qudpaert 
bd	9	10	 accessibdste 	 hembden 	 volgbden 
1.	10	10	 28617.11.8 	 1.8 	 70882.1.15 
ez	8	10	 portugezen 	 voorlezen 	 chinezen 
lx	3	10	 slx 	 orangelxwm 	 sulx 
[s	1	10	 [sic 
)m	2	10	 ck)mp 	 ondercoo|)man 
5:	10	10	 894465:11 	 5:10 	 45:5 
1:	10	10	 1:15 	 114271:17 	 10:1:6 
e.	6	10	 vordere.twee 	 ende.coraelsteen 	 seyde.op 
ét	6	9	 mét 	 staét 	 tüét 
 "	9	9	 "is 	 "hem 	 "vwlies 
kc	8	9	 gebruyckcn 	 peckcransen 	 stuckcn 
'b	9	9	 'by 	 forluyne'baer 	 houanderen'bedryff 
üe	8	9	 musqüets 	 üe 	 tüeger 
s-	7	9	 capes-sarassa 	 blixems-vuer 	 casuaris-vogel 
'c	9	9	 l'cedeeren 	 'coopmanschappen 	 'conde 
js	9	9	 negotijsren 	 vyjs 	 genoojsaeckt 
/'	9	9	 /'64145 	 /'944.9 	 /'1741 
/4	9	9	 2544^/4 	 6^/4 	 10*/4 
4^	8	9	 2544^/4 	 4^/3 	 4^2 
 «	8	9	 «erbiedelyck 	 «om 	 «tegen 
ü.	3	9	 ü.e 	 ü.ed 	 ü.etl 
vc	9	9	 vcrstaen 	 vcreeringe 	 vcrmaert 
pn	9	9	 solempnele 	 pnnt 	 pngesuyverden 
cm	8	9	 verstcmt 	 bongonocacmy 	 complcments 
yj	8	9	 vyjs 	 augustyj^^j 	 ayjapaneyck 
'g	9	9	 cuylenbm'gh 	 gemelte'geboth 	 'gebleven 
2.	9	9	 19832.13 	 67962.15.6 	 /*6132.7,8 
hp	8	9	 verschpen 	 hpicol 	 masuhpatnam 
pj	8	9	 opjechte 	 copjes 	 copjens 
ém	7	9	 gémelte 	 geémalleert 	 geémbarqueert 
:8	6	8	 10:8 	 13054:8:2 	 80^18:11:8 
^y	8	8	 n^yoor 	 ge^yscht 	 besc^yt 
mé	4	8	 mét 	 tomé 	 mél 
aé	8	8	 staét 	 maéndcn 	 naé 
ëy	4	8	 geëyscht 	 geëyschte 	 d*geëyschte 
èr	6	8	 arrière 	 haèr 	 vèrlateo 
t^	7	8	 rivit^re 	 t^samen 	 st^ck 
n'	6	8	 van't 	 van'tscheurbuyck 	 houanderen'bedryff 
^c	8	8	 malac^ca 	 so^cken 	 st^ck 
r^	8	8	 tholvr^'heyt 	 tidor^s 	 omtr^t 
'o	8	8	 'omtrent 	 mati'oosen 	 huysvi'ouw 
bv	4	8	 debvoir 	 sbv 	 sorgbvuldich 
ï 	7	8	 bleeiï 	 ï 	 61vï 
hh	8	8	 neerstighheyt 	 hheymelyck 	 hhantvat 
:3	8	8	 :3 	 4176:5:3 	 2:9:3 
aq	8	8	 maqjan 	 aquapulca 	 citavaqua 
 ö	8	8	 öide 	 öntbooden 	 öaer 
ëd	1	8	 ëd 
j^	8	8	 vaj^den 	 j^ly 	 oranj^icaya 
xu	4	8	 xulla 	 xuua 	 xula 
i)	8	8	 gei)asseerde 	 i)ekent 	 waeri)y 
g^	7	8	 affvaerdig^n 	 g^effectueert 	 jeg^is 
gé	8	8	 gérestitueert 	 gébreck 	 gémelte 
w^	8	8	 w^ert 	 w^dra 	 w^s 
.4	8	8	 11713.4.8 	 8088.4 	 68098.4 
éx	3	8	 geéxecuteert 	 geéxcuseert 	 geéxamineert 
è 	5	8	 è 	 tè 	 ïè 
kd	5	8	 kdangh 	 ryckdom 	 ryckdommen 
.9	8	8	 /'944.9 	 1964.9 	 216481.9 
7i	5	8	 i7i 	 77i 	 313257i 
1^	6	8	 1^4 	 1^/4 	 1^2 
fw	8	8	 affwendinge 	 affwerpen 	 afwesen 
*l	3	8	 *l 	 *lcheer 	 d*landen 
0.	8	8	 8820.1 	 10.2.15 	 808920.10 
hf	3	8	 hfluytschip 	 hfort 	 gahffa 
6^	6	8	 6^/4 	 6^1 	 16^3 
üi	8	8	 tonqüin 	 coopüianschappen 	 coüien 
5^	6	8	 115^4 	 5^2 	 5^0 
 é	5	8	 éen 	 éhde 	 énde 
dë	3	8	 dënselven 	 uytvoerendë 	 verandëringh 
cp	7	7	 concpiesten 	 cpmp 	 scbecpen 
(z	2	7	 (zynde 	 (zyude 
t*	6	7	 t*zynen 	 t*achterheyt 	 met*den 
tz	5	7	 noortzyde 	 zuytzyde 	 oostzyde 
c^	7	7	 malac^ca 	 moluc^o 	 gaybc^s 
l'	6	7	 l'cedeeren 	 l'seyl 	 l'/a 
2^	5	7	 4772^4 	 12^2 	 2^2 
^v	7	7	 ^vordt 	 ™v^r^,^^vv^t\!^w 	 ^vruntschap 
5.	7	7	 14466.5.8 	 67962.15.6 	 5.3.8 
iü	7	7	 ververssiügh 	 (tsiüssonano 	 articiüen 
 ó	7	7	 óorlogh 	 ótn 	 óvergelevert 
cd	7	7	 jacdi 	 alrecde 	 clecden 
p^	7	7	 aencomp^te 	 p^^l 	 comp^s 
7v	7	7	 7v2 	 2007va 	 17v4 
/*	7	7	 /*6132.7,8 	 /*4773 	 /*11104.18.1 
eü	7	7	 eylandeü 	 denselveü 	 verlooreü 
)n	5	7	 ck)ninck 	 ck)nnerechittj 	 lam|k)ngh 
,d	7	7	 seggende,dat 	 segge,dat 	 metdenthol,daeropgecargeert 
cg	7	7	 wcge 	 tocgelaelcn 	 belcgeringhe 
*i	4	7	 *i 	 d*inwoonderen 	 d*inwoonders 
:2	6	6	 13:2 	 13054:8:2 	 /^45089:2:2 
 \	6	6	 \v 	 \nlde 	 \wsten 
-v	6	6	 blixems-vuer 	 casuaris-vogel 	 syde-v]in 
(l	6	6	 (lopende 	 (leffens 	 (lager 
jt	6	6	 jtfalacca 	 ujtvoeren 	 bliejttongh 
;d	6	6	 ;daer 	 wasgenaemt6uatpo;deselvehadde 	 gewesen;dochvey 
(c	5	6	 (comende 	 (commandeur 	 (corts 
'h	6	6	 tholvr^'heyt 	 int'heymelyck 	 'hope 
9:	6	6	 /^45089:2:2 	 2:9:3 	 169111:19:11 
ïs	6	6	 scliïs 	 aiïschielen 	 bleeiïsyne 
ïe	6	6	 contentenïent 	 onïïer 	 vereiïenen 
ré	6	6	 ré&el 	 réle 	 sustinerénde 
-t	4	6	 oliphants-tanden 	 dodinge-te 	 -te 
xk	6	6	 slockxken 	 stuxkens 	 sackxken 
né	6	6	 senéehde 	 syné 	 verschynén 
bm	6	6	 cuylenbm'gh 	 ontbmen 	 menicbmael 
óo	6	6	 óorlogh 	 lóo 	 vóorschreve 
vé	5	6	 gelevért 	 véors 	 vérsocht 
pv	5	6	 scherpvinnich 	 opvangen 	 opvolgen 
ö 	6	6	 ïö 	 cammonnö 	 dö 
.3	6	6	 304838.3 	 124028.3 	 304838.3.1 
.c	6	6	 des.conincx 	 ende.coraelsteen 	 .committers 
6:	6	6	 26:12 	 6:2 	 4176:5:3 
7s	5	6	 i7sgewas 	 47s 	 7s 
:5	6	6	 45:5 	 4176:5:3 	 5850:5:1 
3^	3	6	 3^4 	 3^2 	 203^4 
2s	3	6	 2s6 	 2s 	 12stx 
^1	5	6	 80^18:11:8 	 6^1 	 1^1 
-i	4	6	 west-indise 	 oosl-indise 	 west-indische 
kg	6	6	 stuckgens 	 stuckgen 	 stuckgoederen 
mk	4	6	 blomken 	 bloemken 	 domkens 
gk	3	5	 orangkaya 	 orangkays 	 artygkel 
ës	4	5	 geësmalteert 	 fortrësse 	 geëschappeert 
có	5	5	 gecómen 	 bewellecómt 	 becómen 
^h	5	5	 gecommitteerde^heeren 	 ^handt 	 r^ht 
ié	5	5	 compaignién 	 wiért 	 dié 
l>	5	5	 laml>oe 	 l>enaerstight 	 l>har 
m^	5	5	 m^t 	 m^scben 	 oomplem^tos 
té	5	5	 eerstér 	 gesantén 	 paté 
n-	4	5	 non-observantie 	 leeuwen-daelders 	 calcken-eylant 
a(	5	5	 tama(en 	 a(f 	 a(t 
e-	4	5	 dodinge-te 	 syde-v]in 	 vice-commandeur 
p'	1	5	 op't 
o^	5	5	 so^cken 	 slo^ender 	 go^e 
és	4	5	 déselve 	 geéstimeert 	 toegésonden 
^m	5	5	 ^macfatsaemheyt 	 heeft^men 	 emport^mte 
aè	5	5	 haèr 	 aèn 	 kaèrtekoe 
v\	5	5	 caly-v\^angen 	 suytv\ryck 	 v\raren 
a^	5	5	 sta^t 	 a^vys 	 a^gewent 
 ï	4	5	 ï 	 ïö 	 ïè 
.s	5	5	 .samen 	 .schyn 	 .s4 
qi	5	5	 geqiietst 	 sqiits 	 qibouden 
db	5	5	 geradbneerden 	 wdbrant 	 dbenr 
 ,	5	5	 ,ceylon 	 ,volck 	 ,60 
.d	5	5	 vyanden,.die 	 .den 	 in.dese 
^f	4	5	 v^ffkens 	 tv^flelde 	 d^fluyt 
.2	5	5	 10.2.15 	 1516s.2.9 	 12146.3.2 
hé	4	5	 ghérrebon 	 tusschén 	 geschénck 
3b	3	5	 3b0 	 3b 	 3b8 
 <	5	5	 <^^6s 	 <f 	 <lat 
s'	5	5	 s'ats 	 s'/s 	 s'comp 
-a	4	5	 7-auffustvl 	 opper-advocaet 	 la-ala 
7:	5	5	 951527:13 	 167607:18:8 	 551677:18 
ër	5	5	 concipiëren 	 gëremonstreert 	 ërieff 
mv	5	5	 omvlochten 	 monsamvique 	 imven 
:6	5	5	 10:1:6 	 157985:6 	 2:6 
ón	4	5	 jpersoónea 	 daerónder 	 cóntinueeren 
ïn	5	5	 huïn 	 geruïneerde 	 paleïnbangh 
èl	4	5	 vendibèlste 	 wreedèlyck 	 hetsèlve 
-c	4	5	 vice-commandeur 	 -coopen 	 arac-copiens 
kz	2	5	 zierickzee 	 banckzael 
7^	5	5	 7^2 	 37^2 	 7^/4 
*m	3	5	 d*man 	 d*mayor 	 d*maria 
uz	2	5	 cruzados 	 cruzado 
3:	4	4	 13:2 	 :13:10 	 42476:3:12 
iè	2	4	 arrière 	 nièt 
óm	4	4	 gecómen 	 bewellecómt 	 becómen 
ên	3	4	 amonitiên 	 t)ên 	 aengênomen 
1b	2	4	 1b 	 1b6 
 ;	4	4	 ;daer 	 ;sal 	 ;*soo 
^0	4	4	 19*^0 	 ^0 	 5^0 
/a	3	4	 /aiostroiia 	 '/a 	 l'/a 
«n	4	4	 20«n 	 «nde 	 «nhebbelycke 
.a	4	4	 3.a 	 .anders 	 .ach 
>e	4	4	 l>enaerstight 	 uytgeroei>en 	 n>et 
-d	4	4	 wiei-de 	 leeuwen-daelders 	 -dat 
qs	4	4	 sufiqsant 	 moqson 	 gqsonden 
wh	3	4	 d^wh 	 whoddon 	 whotton 
k>	4	4	 oork>gh 	 ck>ninck 	 geyk>n 
mj	4	4	 tacomj 	 mjes 	 mjlien 
ée	3	4	 senéehde 	 éen 	 bedanckenée 
uj	4	4	 ujtvoeren 	 souje 	 oujacquan 
(^	4	4	 (^onincx 	 gest(^t 	 aens(^ggen 
ês	3	4	 geêschappeert 	 geêstimeert 	 geêschappeeri 
.6	4	4	 18273.8.6 	 67962.15.6 	 26218.16.6 
qn	4	4	 vernomqn 	 zqn 	 qnamen 
eö	4	4	 geöschapeert 	 eöde 	 geöxcuseert 
ql	4	4	 vrqleti 	 vqldaen 	 hqllant 
üw	3	4	 groüwelycke 	 üw 	 üwe 
2b	3	4	 2b 	 2b0 	 92b 
6v	4	4	 6vi 	 6v2 	 36vs 
*p	4	4	 en*pertye 	 te*passeeren 	 d*panglima 
*v	4	4	 *v4 	 vei*vallen 	 vei*vdllen 
"d	4	4	 ll«"daeraen 	 10«"ditto 	 24«"ditto 
7.	4	4	 28617.11.8 	 597887.16.12 	 18.7.5 
.7	4	4	 /*6132.7,8 	 268933.4.7 	 479.7 
^j	4	4	 s^janthyszen 	 augustyj^^j 	 ^j 
oq	4	4	 moqson 	 coquero 	 soq 
^p	4	4	 ^pril 	 c^pmanschappen 	 ^portugesen 
e,	4	4	 seggende,dat 	 segge,dat 	 hadde,waeromme 
vf	4	4	 vfemt 	 vfesen 	 vfieti 
ül	3	4	 ül 	 üliassers 	 dülo 
)r	4	4	 im|h)rteren 	 gd)rant 	 ck)rap 
'w	4	4	 wedei'woort 	 'waren 	 te'weeten 
b0	3	4	 3b0 	 2b0 	 4b0 
.v	4	4	 tingangh.van 	 gomp^.van 	 .voort 
gp	4	4	 gpresolveert 	 gpelonghs 	 tanjongpoura 
jd	4	4	 eijde 	 jdpander 	 jdaer 
 £	3	4	 £scoursén 	 £d 	 £assimir 
vt	4	4	 vtertiallen 	 vtryse 	 vtnyti 
 0	1	4	 0 
üd	4	4	 syüde 	 codüdgh 	 soüde 
/i	4	4	 /ia 	 tote'/i 	 l'/i 
hj	4	4	 hjacht 	 rasalhj 	 hjonghste 
ür	3	4	 ürangebooin 	 forcenbürch 	 goavemeür 
^u	4	4	 i^u 	 ^^u 	 ^usschen 
pf	4	4	 hopffden 	 coopfaandel 	 pf 
qa	4	4	 qaee 	 qambeauwen 	 geqqalificeerde 
oz	4	4	 armozynen 	 carmozpe 	 maetroozen 
*d	4	4	 met*den 	 mai*dycker 	 afgevaei*dicht 
eï	4	4	 gekielhaeït 	 bleeït 	 paleïnbangh 
fj	4	4	 afjgesonden 	 quiafj 	 corfjens 
'm	4	4	 'maer 	 'meede 	 'meer 
eè	4	4	 gelaudeèrt 	 geèstimeert 	 geèyschte 
.o	4	4	 seyde.op 	 .oprechten 	 .oorlochs 
3v	4	4	 .3vi 	 3vï 	 3vs 
7e	3	4	 27en 	 ^7en 	 j7en 
kp	4	4	 calckpotten 	 coockpotten 	 dackpanneu 
/2	4	4	 2'/2 	 14'/2 	 p/2 
qü	2	3	 musqüets 	 tonqüin 
dn	3	3	 vdn 	 vendncns 	 nadnen 
\v	3	3	 \v 	 vl\v 	 \vaered 
m'	3	3	 om't 	 cuylenbm'gh 	 eem'ge 
7j	3	3	 27j 	 7j 	 47j 
4:	3	3	 13054:8:2 	 4:5 	 194574:3 
*^	3	3	 19*^0 	 i*^el 	 cruy«f*^ade 
^'	3	3	 tholvr^'heyt 	 ll^''deses;d'deenen 	 ^^'^^9 
-b	3	3	 crepel-bossige 	 cocus-boomen 	 schout-by-nacht 
 •	3	3	 •al 	 •tarnataense 	 •ende 
nï	3	3	 contentenïent 	 onïïer 	 nïetten 
xh	3	3	 cockxhuysen 	 geêxhibeert 	 exhibeerende 
-l	3	3	 ceram-laut 	 oost-lndise 	 -lont 
wé	3	3	 wéderslaen 	 hwélcke 	 wél 
éd	3	3	 wéderslaen 	 intercéderen 	 cleéden 
e6	3	3	 bene6cieren 	 dre60 	 ende6vi 
«e	2	3	 «erbiedelyck 	 «en 
r'	3	3	 tidor'ende 	 daer't 	 voor't 
wc	3	3	 uwc 	 wcge 	 wcchgesonden 
fq	3	3	 quofqmaniere 	 affquamen 	 afquam 
qm	3	3	 quofqmaniere 	 daerqmme 	 cocqmi 
ès	3	3	 gerèsolveert 	 dèse 	 geèstimeert 
-o	3	3	 non-observantie 	 cryghs-ojqqcieren 	 -onecnicheyt 
^w	3	3	 d^wh 	 ™v^r^,^^vv^t\!^w 	 ^w 
|)	3	3	 hel|)en 	 ondercoo|)man 	 doi|)en 
bk	3	3	 hendribk 	 wecbk)open 	 bk)ck 
ó 	3	3	 ló 	 oftó 	 5ó 
r,	3	3	 yser,.porceleyn 	 oprechtiger,als 	 xeraphin(sd'bhar,d'oliphants 
.p	3	3	 yser,.porceleyn 	 .piscadores 	 .patolen 
(k	2	3	 2(k 	 3(k 
'v	3	3	 'visite 	 'vreede 	 niet'verscheenen 
d)	3	3	 gayb(d)o 	 gd)rant 	 hd)bende 
k^	3	3	 verseeck^ren 	 hmaeck^n 	 ütk^adi 
yy	3	3	 yyanden 	 scbryyen 	 yyant 
jr	2	3	 madjrj 	 cattojr 
ëm	2	3	 geëmployeert 	 vëmieuwingh 
mf	2	3	 geêxamfaieert 	 circumferentie 
)s	3	3	 chx)ster 	 j2rcd[)sz 	 hackiem)selveovergelevert 
x)	3	3	 chx)ster 	 picx)l 	 l)eix)emde 
s6	3	3	 d*0ds6 	 2s6 	 s6 
8s	2	3	 8s 	 18s 
\r	3	3	 suytv\ryck 	 v\raren 	 v\ras 
«"	3	3	 ll«"daeraen 	 10«"ditto 	 24«"ditto 
i7	2	3	 i7i 	 i7sgewas 
êq	1	3	 geêquipeert 
ró	2	3	 prócure 	 daerónder 
tó	3	3	 oftó 	 tót 	 comptóirken 
h'	3	3	 gesh'lt 	 atch'yn 	 gilh'on 
wn	3	3	 cherrelwn 	 wnven 	 serrelwn 
üa	3	3	 negoüanten 	 jüan 	 tayoüan 
-e	2	3	 calcken-eylant 	 -ende 
fn	3	3	 affnemen 	 afnemende 	 coustumelyckefn 
<^	3	3	 <^^6s 	 pi<^l 	 <^^^u 
dè	3	3	 dèse 	 wreedèlyck 	 endè 
('	1	3	 ('t 
dk	3	3	 dkerboven 	 edk 	 ceylonendk 
üs	3	3	 (tsiüssonano 	 cüst 	 mirmoüsa 
qp	3	3	 4qp 	 gqpresenteert 	 qprstdaeehs 
.t	3	3	 vordere.twee 	 .tot 	 ed*.tiem 
1s	3	3	 1s3 	 1s440 	 1s8 
jp	3	3	 jpersoónea 	 conjp 	 qjppercoopman 
uï	3	3	 huïn 	 geruïneerde 	 huïpe 
s4	3	3	 1s440 	 s40 	 .s4 
ëx	2	3	 geëxcuseert 	 geëxpereert 
h^	3	3	 suh^ide 	 beh^rlyck 	 h^ft 
bg	3	3	 bgmont 	 gobgetii 	 bgie 
y2	2	3	 ioy2 	 y2 
gè	3	3	 jegènwoordigh 	 gèrams 	 beloouingè 
*c	3	3	 d*comp 	 d*c!omp 	 d*comptoiren 
4s	3	3	 244s2 	 4s 	 64s 
k2	3	3	 89k2 	 k25 	 k2 
bü	2	3	 abüys 	 forcenbürch 
^9	3	3	 ^^9 	 ^^'^^9 	 ^9 
üc	3	3	 vergenoücht 	 uytgeücht 	 doücker 
4i	3	3	 4iyt 	 234i>59 	 164it 
\a	3	3	 i\ae 	 \an 	 voorleedenjaeresy,daer\an 
bé	3	3	 bécomen 	 bén 	 combélh 
éc	3	3	 bécomen 	 gécultiveert 	 maécarenhas 
kv	3	3	 stockvis 	 afschrickvan 	 dehoeckvan 
4b	3	3	 14b 	 4b0 	 4b 
ké	3	3	 petackén 	 sieckélyck 	 gebruyckélyck 
'2	3	3	 /'2681 	 /'286456 	 incoops/'29092 
t,	3	3	 goudtdraet,l 	 t,d'selve 	 lant,synde 
uq	2	3	 heeuqua 	 aeuquamen 
8^	3	3	 8^/4 	 14188^^/32 	 238^/3 
/3	3	3	 4^/3 	 14188^^/32 	 238^/3 
1'	3	3	 1'ayouanse 	 1'anara 	 1'samen 
a-	2	3	 la-ala 	 ma-alam 
èy	3	3	 hebbèy 	 geèyschte 	 geèyndicht 
.m	3	3	 .macht 	 .maart 	 .mangsor 
èe	3	3	 èen 	 clèeden 	 hèefl 
2y	3	3	 2y 	 -2yde 	 2yi 
^7	3	3	 ^7en 	 ^7 	 .^7 
y^	3	3	 g'ey^mïhte 	 vany^loo 	 by^tannahittoemessin 
:4	2	3	 :4 	 10530:4 
}e	2	2	 l}eper 	 hebl}e 
l}	2	2	 l}eper 	 hebl}e 
rx	2	2	 20sturx 	 veurxken 
,s	2	2	 vyfligh,soo 	 lant,synde 
öu	2	2	 höuffysers 	 göuts 
<e	2	2	 dat<e 	 gesupple<ert 
.n	2	2	 .niet 	 .nu 
zp	2	2	 zpe 	 carmozpe 
-s	2	2	 capes-sarassa 	 vooi-s 
>o	2	2	 laml>oe 	 l>ootsgesellen 
xl	2	2	 geêxlimeeri 	 xvicxli 
0«	2	2	 20«n 	 10«"ditto 
l-	2	2	 crepel-bossige 	 oosl-indise 
,o	2	2	 '/,o 	 costen,ofle 
e<	2	2	 re<lelycke 	 gesupple<ert 
<l	2	2	 re<lelycke 	 <lat 
&e	2	2	 ré&el 	 versc&eyde 
6c	2	2	 bene6cieren 	 216corge 
s9	2	2	 s994 	 s9 
y'	2	2	 limoury's 	 wy't 
qj	2	2	 maqjan 	 qjppercoopman 
i-	2	2	 wiei-de 	 vooi-s 
ór	2	2	 authóriteyt 	 voórgaende 
i>	2	2	 uytgeroei>en 	 234i>59 
rè	2	2	 gerèsolveert 	 frèmlingh 
fm	2	2	 affmeeten 	 sydewofmen 
)a	2	2	 gei)asseerde 	 l)andeliers 
l|	2	2	 hel|)en 	 vol|(ende 
jk	2	2	 ojklat 	 jkren 
ön	2	2	 öntbooden 	 cöntingh 
öa	2	2	 böage 	 öaer 
aü	2	2	 vaü 	 consideraüen 
öo	2	2	 löo 	 öonnen 
ló	2	2	 ló 	 lóo 
ëf	2	2	 geëffectueert 	 briëff 
cö	2	2	 jacöb 	 cöntingh 
?e	2	2	 v?el 	 arri?eeren 
.5	2	2	 14466.5.8 	 18.7.5 
,.	2	2	 yser,.porceleyn 	 vyanden,.die 
2(	1	2	 2(k 
jl	2	2	 pattjlima 	 mjlien 
ös	2	2	 geöschapeert 	 choupös 
tü	2	2	 tüét 	 tüeger 
b(	2	2	 gayb(d)o 	 b(hidert 
öd	2	2	 eöde 	 oödewater 
êr	2	2	 furieusêr 	 maêr 
wf	2	2	 wflden 	 imwffsche 
oó	2	2	 voórgaende 	 jpersoónea 
y-	2	2	 caly-v\^angen 	 schout-by-nacht 
\^	2	2	 caly-v\^angen 	 v\^svoldaen 
i9	1	2	 i9 
tq	1	2	 uytquamen 
s(	2	2	 s(niderlingen 	 aens(^ggen 
jc	2	2	 vertrcjcken 	 jconde 
éb	2	2	 gébreck 	 géberchte 
t)	2	2	 t)ên 	 ont))oden 
.w	2	2	 .weynigh 	 niet.weynich 
/s	2	2	 '/s 	 s'/s 
d,	2	2	 d,e 	 toesond,waerdoor 
,e	2	2	 d,e 	 ,ende 
e(	2	2	 plaet8e(by 	 gere(;hticheeden 
*6	2	2	 /*6132.7,8 	 /*6435 
éo	2	2	 véors 	 éoppen 
qo	2	2	 aiqoopen 	 aqoopen 
'r	2	2	 ext'raordinarie 	 and're 
lq	2	2	 welqk 	 quelquepoutj 
l,	2	2	 l,namentlyck 	 metdenthol,daeropgecargeert 
n,	2	2	 vyanden,.die 	 costen,ofle 
m|	2	2	 im|h)rteren 	 lam|k)ngh 
ïd	2	2	 gelieiïde 	 oiïdatgenootsaeckt 
s.	2	2	 des.conincx 	 1516s.2.9 
3c	2	2	 13corgegoelonghs 	 13cn 
e;	2	2	 gouverne;nent 	 gede;ipositeerde 
6s	2	2	 1516s.2.9 	 <^^6s 
éh	2	2	 eéh 	 éhde 
rë	2	2	 fortrësse 	 voorschrëve 
qd	2	2	 laqde 	 eqde 
2v	2	2	 2vi 	 2vj 
^6	2	2	 <^^6s 	 1^6 
a£	2	2	 a£f 	 moesa£q 
nü	2	2	 voornamenüyck 	 vennüioen 
4'	2	2	 4'eenige 	 14'/2 
,a	2	2	 oprechtiger,als 	 rys,als 
«r	2	2	 v«raerop 	 e«re 
n;	2	2	 gewesen;dochvey 	 jaeren;behalven 
qq	2	2	 cryghs-ojqqcieren 	 geqqalificeerde 
qc	2	2	 cryghs-ojqqcieren 	 priqcipael 
jq	2	2	 cryghs-ojqqcieren 	 jqgens 
(r	2	2	 (representerende 	 (rondelyck 
yü	2	2	 syüde 	 capiteyü 
,w	2	2	 hadde,waeromme 	 toesond,waerdoor 
ót	2	2	 ótn 	 tót 
öy	2	2	 geöyscht 	 öyt 
:9	2	2	 2:9:3 	 29092:13:9 
))	2	2	 ont))oden 	 ))esettingh 
-n	2	2	 hongers-noot 	 schout-by-nacht 
a9	2	2	 a9 	 sai*a9sen 
i8	2	2	 berani8 	 i8v4 
4h	2	2	 14hondert 	 c4hinees 
'1	2	2	 /'1741 	 /'1183 
ói	2	2	 ambóina 	 comptóirken 
ël	2	2	 generaël 	 artificiële 
aë	2	2	 generaël 	 translaët 
tè	2	2	 tè 	 gepretèndeert 
nz	2	2	 unzemille 	 khanza 
*5	2	2	 /*54175 	 /*577 
jg	2	2	 jgeoost 	 afjgesonden 
)l	2	2	 picx)l 	 hel)l)en 
>b	2	2	 hd>ben 	 hd>bedde 
d>	2	2	 hd>ben 	 hd>bedde 
e\	2	2	 neve\fs 	 voorschre\e 
xb	1	2	 lixboa 
)c	2	2	 bk)ck 	 nk)chte 
ün	2	2	 ünde 	 üngangh 
*/	2	2	 10*/4 	 2*/2 
<f	2	2	 <f 	 d<f 
.u	2	2	 .uyt 	 jonghst.uyt 
2p	1	2	 2p 
.l	2	2	 öö...lü 	 op.lo 
jh	2	2	 jhoriten 	 jhda 
bè	2	2	 vendibèlste 	 hebbèy 
,m	2	2	 15maii,meede 	 ware,maer 
oö	2	2	 oödewater 	 voörs 
pé	2	2	 pér 	 pérsia 
ït	2	2	 gekielhaeït 	 bleeït 
n.	2	2	 conin.ck 	 in.dese 
.i	2	2	 nederl.intse 	 scli.iicfcagie 
[l	2	2	 [luytenants 	 [lacken 
4n	2	2	 4n 	 4nstantien 
s8	2	2	 1s8 	 s8 
9^	2	2	 19^4 	 9^2 
wb	2	2	 inwbonderen 	 caylwbos 
gq	2	2	 gqpresenteert 	 gqsonden 
9v	2	2	 9v2 	 1579vj 
óu	2	2	 sóude 	 visiapóui*sen 
>n	2	2	 ck>ninck 	 geyk>n 
k5	1	2	 k5 
b6	2	2	 1b6 	 b615 
dü	2	2	 codüdgh 	 dülo 
xv	2	2	 xviii 	 xvicxli 
wp	2	2	 geantwport 	 iwpective 
'n	2	2	 'neederlanderen 	 'nae 
*f	2	2	 12<*february 	 d*fluyt 
'p	2	2	 'peper 	 reaeld'picolingecocht 
ët	2	2	 translaët 	 piëtersz 
l*	2	2	 l*seyl 	 l*onswaerts 
fï	2	2	 deselfïs 	 fïuytschip 
'j	1	2	 l'jacu 
8v	2	2	 i8v4 	 8vi 
gê	1	2	 aengênomen 
ör	2	2	 voörs 	 pörtugeesen 
oè	2	2	 doènlyck 	 cargasoèn 
t.	2	2	 niet.weynich 	 jonghst.uyt 
fp	2	2	 afpresten 	 briefp 
yx	2	2	 dagelyxse 	 yx 
^3	2	2	 5^3 	 16^3 
vq	2	2	 vqldaen 	 vqlcht 
m)	2	2	 hackiem)selveovergelevert 	 m)p 
èm	2	2	 frèmlingh 	 bequaèm 
vï	2	2	 61vï 	 3vï 
£d	1	2	 £d 
4e	2	2	 24en 	 14en 
''	2	2	 ''s 	 ll^''deses;d'deenen 
\w	2	2	 \wsten 	 \wl 
pö	2	2	 choupös 	 pörtugeesen 
4v	2	2	 4v29 	 4v2 
*j	2	2	 d*joncke 	 d*jonck 
üo	2	2	 üominicus 	 (üoninck 
'^	2	2	 ^^'^^9 	 vi'^leeren 
wè	1	2	 wèl 
1k	2	2	 1k8880 	 1k 
"i	1	1	 "is 
0s	1	1	 20sturx 
-p	1	1	 diamant-pendanten 
*z	1	1	 t*zynen 
ïa	1	1	 aiïairen 
h,	1	1	 vyfligh,soo 
hö	1	1	 höuffysers 
t<	1	1	 dat<e 
gó	1	1	 gódt 
ód	1	1	 gódt 
(«	1	1	 («der 
«d	1	1	 («der 
-r	1	1	 diamant-ringen 
iê	1	1	 amonitiên 
9*	1	1	 19*^0 
"ö	1	1	 /"ötols 
/"	1	1	 /"ötols 
öt	1	1	 /"ötols 
'6	1	1	 /'64145 
/^	1	1	 /^45089:2:2 
•a	1	1	 •al 
/,	1	1	 '/,o 
/v	1	1	 /vry 
é&	1	1	 ré&el 
/g	1	1	 ^/g 
jv	1	1	 aerjvruchten 
m-	1	1	 ceram-laut 
eó	1	1	 gebreók 
ók	1	1	 gebreók 
ïo	1	1	 tïonincklycke 
tï	1	1	 tïonincklycke 
öi	1	1	 öide 
hó	1	1	 authóriteyt 
»e	1	1	 l»ehoorden 
l»	1	1	 l»ehoorden 
dq	1	1	 bemerckendq 
>g	1	1	 oork>gh 
•t	1	1	 •tarnataense 
^:	1	1	 de^:selven 
:s	1	1	 de^:selven 
u)	1	1	 heu)en 
n>	1	1	 n>et 
bö	1	1	 böage 
u\	1	1	 su\cx 
\c	1	1	 su\cx 
lö	1	1	 löo 
öb	1	1	 jacöb 
v?	1	1	 v?el 
üg	1	1	 ververssiügh 
mq	1	1	 vernomqn 
üé	1	1	 tüét 
qe	1	1	 sqecken 
)g	1	1	 oork)gh 
v]	1	1	 syde-v]in 
]i	1	1	 syde-v]in 
sê	1	1	 furieusêr 
^k	1	1	 ^kere 
«o	1	1	 «om 
'9	1	1	 /'944.9 
*w	1	1	 dei*waerts 
pq	1	1	 kopq 
zq	1	1	 zqn 
dï	1	1	 haddïffi 
ïf	1	1	 haddïffi 
hx	1	1	 chx)ster 
0d	1	1	 d*0ds6 
*0	1	1	 d*0ds6 
t(	1	1	 gest(^t 
8t	1	1	 c!ompo8tel 
o8	1	1	 c!ompo8tel 
aï	1	1	 commaïideur 
ïi	1	1	 commaïideur 
n*	1	1	 en*pertye 
«t	1	1	 «tegen 
v<	1	1	 v<raren 
<r	1	1	 v<raren 
)ê	1	1	 t)ên 
l«	1	1	 ll«"daeraen 
•e	1	1	 •ende 
8e	1	1	 plaet8e(by 
t8	1	1	 plaet8e(by 
jm	1	1	 jmiy 
jy	1	1	 gejyck 
cé	1	1	 intercéderen 
,8	1	1	 /*6132.7,8 
7,	1	1	 /*6132.7,8 
ww	1	1	 touwwerck 
öc	1	1	 pröcure 
rö	1	1	 pröcure 
,c	1	1	 ,ceylon 
qk	1	1	 welqk 
ïö	1	1	 ïö 
óc	1	1	 prócure 
,n	1	1	 l,namentlyck 
b2	1	1	 b277 
n2	1	1	 wasden28 
vp	1	1	 brievpn 
*u	1	1	 door*usurpatie 
r*	1	1	 door*usurpatie 
|h	1	1	 im|h)rteren 
h)	1	1	 im|h)rteren 
"h	1	1	 "hem 
wv	1	1	 iwveugemelte 
/0	1	1	 /0 
ïï	1	1	 onïïer 
*4	1	1	 /*4773 
«i	1	1	 «itters 
2c	1	1	 de2cleynste 
e2	1	1	 de2cleynste 
 §	1	1	 §ynde 
§y	1	1	 §ynde 
h.	1	1	 tingangh.van 
;n	1	1	 gouverne;nent 
/t	1	1	 /tvertreck 
vè	1	1	 vèrlateo 
t6	1	1	 wasgenaemt6uatpo;deselvehadde 
6u	1	1	 wasgenaemt6uatpo;deselvehadde 
o;	1	1	 wasgenaemt6uatpo;deselvehadde 
èc	1	1	 èchade 
xz	1	1	 dircxz 
o#	1	1	 o#ü 
#ü	1	1	 o#ü 
<5	1	1	 vo<5rs 
5r	1	1	 vo<5rs 
o<	1	1	 vo<5rs 
5g	1	1	 bequamend*onseeendodeende5gequetsten 
e5	1	1	 bequamend*onseeendodeende5gequetsten 
$a	1	1	 cabes$a 
s$	1	1	 cabes$a 
£f	1	1	 a£f 
o'	1	1	 noo'digh 
e/	1	1	 uytvoerende/mitsgaders 
/m	1	1	 uytvoerende/mitsgaders 
£s	1	1	 £scoursén 
v«	1	1	 v«raerop 
sx	1	1	 sulsx 
.ë	1	1	 u.ë 
xm	1	1	 maxmiliaen 
éa	1	1	 réach 
)y	1	1	 waeri)y 
éq	1	1	 geéquipeert 
n#	1	1	 n#er 
#e	1	1	 n#er 
jü	1	1	 jüan 
\!	1	1	 ™v^r^,^^vv^t\!^w 
!^	1	1	 ™v^r^,^^vv^t\!^w 
^,	1	1	 ™v^r^,^^vv^t\!^w 
t\	1	1	 ™v^r^,^^vv^t\!^w 
™v	1	1	 ™v^r^,^^vv^t\!^w 
 ™	1	1	 ™v^r^,^^vv^t\!^w 
,^	1	1	 ™v^r^,^^vv^t\!^w 
6y	1	1	 6y 
!h	1	1	 c!hristen 
nö	1	1	 cammonnö 
dö	1	1	 dö 
7-	1	1	 7-auffustvl 
2l	1	1	 1032lio:16 
o:	1	1	 1032lio:16 
4q	1	1	 4qp 
öx	1	1	 geöxcuseert 
xq	1	1	 exquis 
9d	1	1	 159duysent 
a2	1	1	 a2 
n3	1	1	 tegen3 
r;	1	1	 waer;daeromme 
s3	1	1	 1s3 
o|	1	1	 ondercoo|)man 
*1	1	1	 /*11104.18.1 
.0	1	1	 50.00 
j)	1	1	 j)ock 
6ö	1	1	 6ö 
3p	1	1	 3peelen 
:7	1	1	 2435:7 
.r	1	1	 .rycke 
 !	1	1	 !s 
!s	1	1	 !s 
0^	1	1	 80^18:11:8 
bó	1	1	 ambóina 
s*	1	1	 mitsgaders*ontrent 
-m	1	1	 sergeant-mayor 
,v	1	1	 ,volck 
gö	1	1	 göuts 
i<	1	1	 pi<^l 
3(	1	1	 3(k 
ïk	1	1	 aiïkeer 
a<	1	1	 wanghsa<yepa 
<y	1	1	 wanghsa<yepa 
k0	1	1	 43k0 
3k	1	1	 43k0 
i]	1	1	 novei]ri)er 
]r	1	1	 novei]ri)er 
o5	1	1	 so5 
\f	1	1	 neve\fs 
8o	1	1	 8oude 
^.	1	1	 gomp^.van 
vw	1	1	 "vwlies 
"v	1	1	 "vwlies 
3s	1	1	 de43selffs 
e4	1	1	 de43selffs 
u^	1	1	 cau^^els 
4)	1	1	 4)ff 
)f	1	1	 4)ff 
;i	1	1	 gede;ipositeerde 
vk	1	1	 vk)ote 
0*	1	1	 10*/4 
o7	1	1	 io74 
dê	1	1	 dê 
ê 	1	1	 dê 
s2	1	1	 244s2 
pü	1	1	 coopüianschappen 
bp	1	1	 bpae 
lé	1	1	 cléyn 
,6	1	1	 ,60 
1a	1	1	 121astenrys 
|i	1	1	 wechgeslee|it 
e|	1	1	 wechgeslee|it 
c&	1	1	 versc&eyde 
9k	1	1	 89k2 
h*	1	1	 alh*antie 
cè	1	1	 cènto 
kq	1	1	 kq 
..	1	1	 öö...lü 
ö.	1	1	 öö...lü 
öö	1	1	 öö...lü 
lü	1	1	 öö...lü 
5m	1	1	 15maii,meede 
i,	1	1	 15maii,meede 
7d	1	1	 17dooden 
aê	1	1	 maêr 
2ö	1	1	 2ö 
)q	1	1	 ck)qun 
vz	1	1	 vz 
0b	1	1	 80bhar 
$u	1	1	 cloot$uycker 
t$	1	1	 cloot$uycker 
xw	1	1	 orangelxwm 
wm	1	1	 orangelxwm 
$o	1	1	 $omme 
 $	1	1	 $omme 
(;	1	1	 gere(;hticheeden 
;h	1	1	 gere(;hticheeden 
i\	1	1	 i\ae 
)b	1	1	 hd)bende 
l.	1	1	 nederl.intse 
»w	1	1	 »w 
 »	1	1	 »w 
d[	1	1	 j2rcd[)sz 
[)	1	1	 j2rcd[)sz 
j2	1	1	 j2rcd[)sz 
2r	1	1	 j2rcd[)sz 
[d	1	1	 -[des 
-[	1	1	 -[des 
df	1	1	 hadf 
°d	1	1	 17*°derselver 
7*	1	1	 17*°derselver 
*°	1	1	 17*°derselver 
'k	1	1	 'k 
>h	1	1	 l>har 
(y	1	1	 (ydich 
oé	1	1	 hoé 
d(	1	1	 d(it 
&ü	1	1	 t&ü 
t&	1	1	 t&ü 
só	1	1	 sóude 
óv	1	1	 óvergelevert 
ëi	1	1	 coëiptoir 
oë	1	1	 coëiptoir 
ïp	1	1	 huïpe 
3g	1	1	 3g 
vó	1	1	 vóorschreve 
s7	1	1	 s748 
v(	1	1	 v(m 
9s	1	1	 sai*a9sen 
"e	1	1	 "ende 
gë	1	1	 gëremonstreert 
-'	1	1	 -'s 
/j	1	1	 '/j 
~r	1	1	 ~~r 
~~	1	1	 ~~r 
 ~	1	1	 ~~r 
)d	1	1	 ei)de 
<*	1	1	 12<*february 
2<	1	1	 12<*february 
[p	1	1	 [palembang 
cw	1	1	 bcwaert 
|k	1	1	 lam|k)ngh 
s[	1	1	 s[oupos 
[o	1	1	 s[oupos 
,l	1	1	 goudtdraet,l 
cv	1	1	 overgelcvert 
hk	1	1	 knechkens 
óp	1	1	 ópra 
_ 	1	1	 _ 
 _	1	1	 _ 
w7	1	1	 w7t 
7t	1	1	 w7t 
ïè	1	1	 ïè 
>5	1	1	 234i>59 
 )	1	1	 ))esettingh 
rz	1	1	 verzonden 
gw	1	1	 bagwale 
l\	1	1	 vl\v 
cü	1	1	 cüst 
ég	1	1	 genégentheyt 
[^	1	1	 [^tc 
9p	1	1	 9p 
(]	1	1	 (]oluaringer 
]o	1	1	 (]oluaringer 
0q	1	1	 130q 
«u	1	1	 «uilen 
i.	1	1	 scli.iicfcagie 
)p	1	1	 m)p 
êv	1	1	 geêvertueert 
*g	1	1	 d*geëyschte 
b^	1	1	 sb^g 
a3	1	1	 a30 
4/	1	1	 14/biasen 
/b	1	1	 14/biasen 
*8	1	1	 /*819321 
-8	1	1	 -80 
*h	1	1	 d*heere 
1v	1	1	 61vï 
7ï	1	1	 87ï 
bë	1	1	 bësyden 
pó	1	1	 visiapóui*sen 
hq	1	1	 hqllant 
6l	1	1	 146lyï 
yï	1	1	 146lyï 
vë	1	1	 vëmieuwingh 
0,	1	1	 10,15 
,1	1	1	 10,15 
[?	1	1	 [?j 
?j	1	1	 [?j 
kè	1	1	 maeckèn 
5ó	1	1	 5ó 
^b	1	1	 ^brouck 
qy	1	1	 cqyangh 
êd	1	1	 beêdicht 
i5	1	1	 i5 
tê	1	1	 geraportêert 
êe	1	1	 geraportêert 
d<	1	1	 d<f 
 %	1	1	 %0 
%0	1	1	 %0 
 |	1	1	 |net 
|n	1	1	 |net 
€n	1	1	 €nde 
 €	1	1	 €nde 
4«	1	1	 24«"ditto 
.f	1	1	 eerw.f 
w.	1	1	 eerw.f 
 >	1	1	 >tye 
>t	1	1	 >tye 
e*	1	1	 te*passeeren 
ï^	1	1	 ï^a 
s,	1	1	 rys,als 
h;	1	1	 genaemtpanuuaratjangangh;daerinne 
\n	1	1	 \nlde 
<t	1	1	 <t 
sè	1	1	 hetsèlve 
'q	1	1	 'quamen 
5p	1	1	 5p 
-2	1	1	 -2yde 
c-	1	1	 arac-copiens 
0r	1	1	 750realen 
"3	1	1	 "34 
£q	1	1	 moesa£q 
ïu	1	1	 fïuytschip 
yè	1	1	 gedyèn 
ö1	1	1	 ö17436 
vg	1	1	 cavghanghs 
üt	1	1	 ütk^adi 
(3	1	1	 166(35:1 
6(	1	1	 166(35:1 
l3	1	1	 al365 
^8	1	1	 341782^8 
lë	1	1	 lë 
s;	1	1	 ll^''deses;d'deenen 
f^	1	1	 f^geran 
2g	1	1	 2g 
n"	1	1	 den"president 
"p	1	1	 den"president 
b8	1	1	 3b8 
9b	1	1	 14969b 
ü'	1	1	 ü'advisen 
ëe	1	1	 ëendracht 
g[	1	1	 conting[b 
[b	1	1	 conting[b 
"r	1	1	 "rn 
zc	1	1	 zceluyden 
?s	1	1	 a?s 
a?	1	1	 a?s 
i?	1	1	 arri?eeren 
'8	1	1	 /'8028 
p.	1	1	 op.lo 
a'	1	1	 tega'l 
3e	1	1	 3eltr8 
r8	1	1	 3eltr8 
|(	1	1	 vol|(ende 
èt	1	1	 nièt 
mï	1	1	 g'ey^mïhte 
ïh	1	1	 g'ey^mïhte 
»r	1	1	 qu»rtieren 
u»	1	1	 qu»rtieren 
(ü	1	1	 (üoninck 
>m	1	1	 ck>melis 
y)	1	1	 civy)enprys 
;s	1	1	 ;sal 
(j	1	1	 (j 
g*	1	1	 g*obligeert 
;m	1	1	 m;mieren 
m;	1	1	 m;mieren 
e«	1	1	 e«re 
bf	1	1	 bfaiy 
3«	1	1	 3«n 
.^	1	1	 .^7 
lè	1	1	 clèeden 
n]	1	1	 con]p 
]p	1	1	 con]p 
;*	1	1	 ;*soo 
'y	1	1	 atch'yn 
*n	1	1	 d*nay 
yq	1	1	 byquan 
éü	1	1	 eéüich 
hè	1	1	 hèefl 
<x	1	1	 moluc<x 
c<	1	1	 moluc<x 
r\	1	1	 voorleedenjaeresy,daer\an 
y,	1	1	 voorleedenjaeresy,daer\an 
sï	1	1	 sïen 
1)	1	1	 1)estemder 
2'	1	1	 2'/2 
"l	1	1	 "lasten 
n(	1	1	 xeraphin(sd'bhar,d'oliphants 
èi	1	1	 èinnen 
c4	1	1	 c4hinees 
*.	1	1	 ed*.tiem 
*r	1	1	 d*ryp 
0®	1	1	 30®n 
®n	1	1	 30®n 
n7	1	1	 tegen7 
i|	1	1	 doi|)en 
nó	1	1	 genóomen 
&k	1	1	 e&k 
e&	1	1	 e&k 
z^	1	1	 z^l 
rü	1	1	 vaerüiuygen 
"/	1	1	 "/ie 
7'	1	1	 17'/4 
/9	1	1	 35^/9 
ëv	1	1	 voorschrëve 
k8	1	1	 1k8880 
£a	1	1	 £assimir 
2m	1	1	 12meypassatooverleeden 
^x	1	1	 i^xamana 
\e	1	1	 voorschre\e 
p/	1	1	 p/2 
d.	1	1	 d.at 
jf	1	1	 hoojft 
s/	1	1	 incoops/'29092 
2*	1	1	 2*/2 
qg	1	1	 jqgens 
qw	1	1	 iqwoonderen 
;b	1	1	 jaeren;behalven 
"j	1	1	 24^"julyover 
^"	1	1	 24^"julyover 
*q	1	1	 d*questie 
$^	1	1	 c(mi$^iinme 
c(	1	1	 c(mi$^iinme 
i$	1	1	 c(mi$^iinme 
ü;	1	1	 miü;gaders 
;g	1	1	 miü;gaders 
2k	1	1	 2k 
(4	1	1	 (4 
j7	1	1	 j7en 
:l	1	1	 :2:l4 
l4	1	1	 :2:l4 
c6	1	1	 c6nditien 
6n	1	1	 c6nditien 
'u	1	1	 s'u 
wq	1	1	 wq 
y«	1	1	 cruy«f*^ade 
«f	1	1	 cruy«f*^ade 
f*	1	1	 cruy«f*^ade 
;^	1	1	 ;^den 
(2	1	1	 (25 
8d	1	1	 18d 
iz	1	1	 digitized 
