gram	freq
!^w	1
!hr	1
!ol	1
!om	5
!on	5
!s	1
"/i	1
"Ju	1
"da	1
"di	2
"do	1
"en	1
"he	1
"is	1
"la	1
"pr	1
"rn	1
"vw	1
"öT	1
#er	1
$^i	1
$om	1
$uy	1
&el	1
&ey	1
''S	1
''d	1
'/4	1
'/a	3
'/i	2
'/j	1
'/s	2
'29	1
'Ba	1
'Co	3
'De	1
'Do	1
'Ed	1
'Gl	1
'I	8
'Ja	2
'Ne	1
'S	6
'T	41
'^l	1
'aU	1
'ac	2
'ad	1
'ae	1
'af	2
'al	3
'an	7
'ar	2
'at	1
'au	1
'ay	1
'ba	1
'be	3
'bh	1
'bi	1
'bl	1
'by	1
'ca	1
'ce	1
'ch	1
'co	3
'da	2
'de	5
'di	2
'dr	1
'du	1
'ee	3
'ef	3
'en	5
'es	1
'et	1
'ex	2
'ey	1
'ge	7
'gh	1
'ha	2
'he	2
'ho	2
'i	6
'ig	1
'im	3
'in	13
'k	1
'l	11
'lt	1
'ma	1
'me	3
'na	1
'om	1
'on	1
'oo	2
'op	1
'ou	1
'ov	1
'pe	1
'pi	1
'qu	1
'ra	1
're	1
's	176
'sC	1
'sa	1
'sc	1
'se	3
'sl	2
'so	3
'st	2
't	1383
'tg	1
'ts	1
'tv	1
've	1
'vi	1
'vr	1
'wa	1
'we	2
'wo	1
'yn	1
(;h	1
(Hi	1
(Ni	1
(^g	1
(^t	1
(by	1
(ch	1
(d)	1
(en	2
(it	1
(mi	1
(sd	1
))e	1
))o	1
)Os	1
)Ot	1
)an	1
)as	1
)be	1
)ch	1
)ck	1
)de	1
)ed	3
)eg	1
)eh	1
)ei	1
)ek	2
)el	2
)em	2
)en	10
)er	1
)es	3
)et	2
)eu	1
)ev	1
)ff	1
)gh	1
)l)	1
)ma	1
)mp	9
)nd	1
)ng	1
)ni	4
)nn	1
)oc	2
)od	1
)oe	2
)of	1
)oi	1
)on	1
)oo	2
)op	3
)or	1
)os	2
)ov	2
)qu	1
)ra	2
)re	1
)rt	1
)se	1
)st	1
)sz	1
)ên	1
*.t	1
*0D	1
*Am	1
*C!	1
*Co	1
*Ed	3
*En	4
*Fe	1
*Ma	1
*Na	1
*Or	1
*Ry	1
*S	1
*T	6
*V4	1
*^a	1
*^e	1
*a9	1
*ac	3
*ad	3
*ae	3
*ag	1
*am	1
*an	6
*co	1
*de	2
*di	1
*dy	1
*ea	1
*ec	2
*ed	1
*ee	8
*ex	1
*ey	3
*fl	1
*ge	1
*he	1
*i	4
*in	3
*jo	2
*l	7
*la	1
*ma	4
*ob	1
*on	22
*oo	2
*ou	1
*pa	2
*pe	1
*pr	1
*qu	1
*s	19
*sa	1
*sc	2
*se	20
*sh	1
*so	2
*st	1
*t	78
*th	1
*tr	1
*us	1
*va	1
*vd	1
*ve	1
*wa	1
*zy	1
*°d	1
-'s	1
-2y	1
-Au	1
-Ge	10
-Go	2
-In	5
-La	1
-[d	1
-ad	1
-al	3
-bo	2
-by	1
-ca	1
-co	4
-da	2
-de	2
-en	1
-ey	2
-ge	1
-in	1
-ln	1
-lo	1
-ma	1
-na	1
-no	1
-oJ	1
-ob	1
-on	1
-pe	1
-ri	1
-sa	1
-ta	3
-te	2
-to	1
-v\	1
-v]	1
-va	1
-ve	1
-vo	1
-vu	1
...	1
..l	1
.2.	1
.3V	1
.Co	2
.E.	1
.Ed	34
.Et	1
.Ma	2
.Pi	1
.S4	1
.Sa	1
.ac	1
.an	1
.at	1
.ck	1
.co	3
.da	1
.de	3
.di	1
.ee	1
.en	2
.ii	1
.in	1
.lO	1
.lü	1
.ma	1
.ni	1
.nu	1
.on	1
.oo	1
.op	2
.pa	1
.po	1
.ry	1
.sc	1
.se	1
.sy	1
.ti	1
.to	1
.tw	1
.uy	2
.va	2
.ve	1
.vo	1
.we	2
/"ö	1
/'2	1
/'t	1
/ai	1
/bI	1
/ia	1
/ie	1
/mi	1
/tv	1
/vr	1
007	1
032	1
07V	1
07a	1
092	1
0DS	1
0bh	1
0re	1
0st	1
0«"	1
0«n	1
0®n	1
1'a	2
1's	1
1)e	1
103	1
107	1
10«	1
117	1
121	1
12<	1
12M	1
12s	1
130	1
132	1
13c	2
14/	1
146	1
149	1
14B	1
14e	1
14h	1
151	1
157	1
159	1
15m	1
164	1
16S	1
16c	1
17*	1
174	1
177	1
17S	2
17V	1
17a	2
17d	1
17i	1
18S	1
18d	1
1B	3
1B6	1
1K	1
1K8	1
1S3	1
1S4	1
1S8	1
1Vï	1
1as	1
2(K	2
2.9	1
200	1
20s	1
20«	1
216	1
21a	1
234	1
244	1
24^	1
24e	1
24«	1
257	1
277	1
27a	2
27e	2
27j	1
290	1
2:l	1
2<*	1
2B	2
2B0	1
2K	1
2Me	1
2P	2
2S	4
2S6	1
2Vi	1
2Vj	1
2Y	1
2Yi	1
2cl	1
2g	1
2li	1
2rc	1
2st	1
2yd	1
2ö	1
3(K	1
3.a	1
30Q	1
30®	1
313	1
325	1
32l	1
34I	1
365	1
36V	1
37S	1
37V	1
3B	2
3B0	2
3B8	1
3K0	1
3Vi	2
3Vs	1
3Vï	1
3cn	1
3co	1
3el	1
3g	1
3pe	1
3se	1
3«n	1
4'e	1
4)f	1
4/b	1
427	1
436	1
43K	1
43s	1
440	1
44S	1
46l	1
47S	1
47a	1
47j	1
496	1
4B	1
4B0	1
4I>	1
4QP	1
4S	1
4S2	1
4V2	2
4^"	1
4^t	1
4en	2
4hi	1
4ho	1
4iT	1
4iy	1
4n	1
4ns	1
4«"	1
50r	1
516	1
579	1
57i	1
597	1
59d	1
5ge	1
5ma	1
5p	1
5rs	1
5Ó	1
615	1
61V	1
64S	1
64i	1
67a	2
69B	1
6S.	1
6V2	1
6Vi	2
6Vs	1
6ci	1
6co	1
6lY	1
6nd	1
6oa	11
6ua	1
6y	1
6Ö	1
7*°	1
7-A	1
743	1
748	1
750	1
767	1
776	1
77V	1
77i	1
79V	1
7V2	1
7V4	2
7Va	1
7Vi	2
7Vs	1
7a	2
7do	1
7en	4
7i	3
7j	1
7s	1
7sg	1
80b	1
87a	1
87ï	1
880	1
888	1
89K	1
8S	2
8V4	1
8Vi	1
8e(	1
8ou	1
8te	1
909	1
92B	1
969	1
97a	1
987	1
994	1
9K2	1
9P	1
9V2	1
9Vj	1
9du	1
9se	1
:16	1
:2:	1
:l4	1
:se	1
;*s	1
;^d	1
;be	1
;d'	1
;da	3
;de	1
;do	1
;ga	1
;ht	1
;ip	1
;mi	1
;ne	1
;sa	1
<*F	1
<5r	1
<^^	2
<^l	1
<er	1
<f	1
<la	1
<le	1
<ra	1
<t	1
<ye	1
>59	1
>Ty	1
>be	2
>en	2
>et	2
>gh	1
>ha	1
>me	1
>ni	1
>oe	1
>oo	1
?ee	1
?el	1
A	18
A(c	1
A9	1
AAR	2
ABA	1
ABB	1
ABR	1
ACC	1
ACK	2
ACM	1
ACT	1
ADJ	1
ADO	1
AEN	1
AES	1
AET	25
AIL	1
AIS	1
ALE	1
ALH	1
ALL	1
ALV	1
AMB	1
AMM	1
AMY	8
ANC	1
AND	2
ANF	1
ANG	1
ANO	3
ANS	25
ANT	5
ANU	1
API	1
ARB	1
ARC	1
ARE	4
ARI	1
ARO	3
ART	1
ARV	1
ARo	1
ASC	3
ASS	1
AST	1
ATA	1
ATC	1
ATE	8
ATI	1
ATO	1
AUR	1
AVI	1
AVU	1
AYA	1
AYO	2
Aan	1
Aar	13
Abd	3
Abr	2
Acc	5
Acf	1
Ach	6
Ack	24
Aco	1
Act	3
Ada	7
Adi	1
Adj	1
Adm	1
Adr	26
Adv	15
Ady	52
Aen	24
Aer	1
Aet	1
Aeu	1
AfU	2
Afa	1
Aga	5
Age	1
Agi	1
Agn	1
Agr	31
Agu	3
Ahn	1
Aie	1
Ais	1
Ala	10
Alb	3
Alc	16
Ald	2
Ale	9
Alf	3
Alh	1
Ali	8
Alj	1
All	7
Alm	46
Alo	3
Als	5
Ama	34
Amb	99
Amd	1
Ame	6
Amh	1
Ami	1
Aml	3
Amo	2
Amp	1
Ams	26
An	1
AnI	2
Ana	1
Anc	5
And	34
Ang	6
Anh	3
Ani	12
Anj	1
Anl	16
Ann	21
Ano	2
Ant	78
Anu	27
Ao	1
Apr	62
Aqu	1
ArU	1
Ara	7
Are	15
Ari	16
Arl	1
Arm	3
Arn	6
Aro	5
Arr	29
Art	1
Aru	1
Asa	2
Ase	1
Asn	1
Ass	49
Ast	2
AtU	1
Ata	1
Atc	148
Ate	2
Ato	2
Ats	1
Att	1
Auf	1
Aug	63
Auk	1
Ava	7
Ave	1
Axu	1
Ay	2
Aye	2
Ayj	3
AËT	1
B	8
B27	1
B61	1
BAB	1
BAC	2
BAR	1
BAS	1
BAT	2
BAY	1
BBA	1
BC	1
BEN	2
BHI	1
BO	5
BOD	1
BON	2
BOO	2
BOc	1
BRE	1
BRI	5
BRO	1
BYS	1
B^g	1
Bab	4
Bac	32
Bad	6
Bae	14
Baf	1
Bag	1
Bak	1
Bal	24
Bam	2
Ban	415
Bao	1
Bap	1
Bar	37
Bas	3
Bat	224
Bau	3
Bav	1
Baw	4
Bay	2
Bca	1
Bci	6
Bcu	1
Bec	8
Bed	3
Bee	2
Beh	2
Bel	13
Ben	72
Beq	1
Ber	78
Bes	4
Bet	1
Bew	1
Bfa	1
Bge	1
Bgm	1
Bha	1
Bia	18
Bic	1
Bid	5
Bie	6
Bil	4
Bim	12
Bin	18
Bis	1
Bit	1
Bk)	1
Bla	7
Ble	8
Bli	1
Blo	13
Bne	2
Bng	4
Boa	3
Boc	2
Bod	1
Boe	4
Bof	1
Bol	3
Bom	5
Bon	25
Boo	4
Bor	15
Bos	3
Bou	43
Bov	3
Bra	25
Bre	21
Bro	45
Bru	1
Bsm	1
Bta	2
Bue	4
Bur	3
But	1
Buy	14
By	8
Bym	1
C!h	1
C!o	11
C(m	1
C4h	1
CAC	1
CAE	1
CAM	10
CAN	1
CAP	1
CAR	4
CCA	1
CEs	2
CHI	1
CIS	1
CJo	1
CKE	2
CMY	1
COR	1
CTd	1
CUS	1
CXL	1
CaO	1
CaU	1
Cab	30
Cac	23
Cad	1
Cae	21
Caf	4
Cag	1
Caj	1
Cal	42
Cam	65
Can	49
Cap	190
Car	49
Cas	28
Cat	8
Cau	3
Cay	25
Cbe	2
Cbi	17
Cbm	1
Cbr	1
Ccy	1
Ceb	1
Cel	3
Cen	1
Cer	22
Ces	1
Cey	69
Cff	1
Cha	8
Che	89
Chi	322
Chm	2
Cho	50
Chr	60
Chy	7
Cib	11
Cie	2
Cil	3
Cin	5
Cio	4
Cit	2
Ck)	16
Ck>	2
Ckn	1
Cla	15
Cle	54
Cli	3
Clo	5
Clé	1
CoD	1
Cob	1
Coc	4
Cod	2
Coe	12
Cog	5
Coi	6
Col	60
Com	579
Con	738
Coo	7
Cop	5
Coq	1
Cor	30
Cos	28
Cot	11
Cou	27
Cpm	1
Cra	36
Cre	1
Cri	7
Cro	24
Cru	4
Cry	1
Cse	1
Csi	1
Cte	1
Cub	1
Cuc	1
Cum	1
Cuy	2
D	1
D'	62
D*0	1
D*E	3
D*h	1
D*i	1
D*p	1
DBn	1
DE	7
DEN	1
DER	2
DIE	1
DIT	1
DJA	1
DOM	4
DON	4
DRE	2
DRI	1
DRO	2
DS6	1
DTo	1
DVo	1
D^i	1
D^o	2
Dab	1
Dae	111
Dag	1
Dal	3
Dam	73
Dan	11
Dar	25
Dat	50
Dav	10
Day	1
Dc	1
Dck	1
Dde	7
De	205
DeD	1
Dec	56
Dee	25
Del	3
Den	311
Der	80
Des	63
Det	1
Dew	4
Dga	1
Dge	2
Dgh	2
Dgi	1
DiD	1
Dia	6
Die	53
Dig	1
Dil	2
Din	2
Dio	3
Dip	5
Dir	13
Dis	2
Dit	12
Diu	1
Do	3
Doa	1
Doc	8
Dod	9
Doe	2
Dol	16
Dom	38
Don	15
Doo	10
Dor	4
Dou	5
Dra	12
Dri	1
Dry	2
Dse	3
Dte	2
Dti	2
Dul	1
Dum	1
Dur	7
Dut	1
Duy	25
DÜD	1
Dès	1
E	883
E.E	6
E.s	1
E60	1
EA	2
EBA	1
EDR	2
EDg	1
EE	3
EES	2
EFF	3
EFP	1
EGI	1
EGO	1
EL	2
ELO	1
EMO	1
EMU	1
ENC	1
END	1
ENE	1
ENH	2
ENL	1
ENO	1
ENS	1
ENT	3
EQU	1
ERA	2
ERE	1
ERI	1
ERN	1
ERO	5
ESO	1
EST	1
ETO	1
EXT	1
EYH	1
EYN	1
EZE	1
E^I	1
Eat	1
Ebr	5
Ech	1
Ecl	1
Eco	2
Ed	398
Ed*	1
EdK	1
Ede	5
Edr	1
Eec	1
Eei	1
Een	34
Eer	14
Egm	14
Elg	2
Eli	1
Elj	2
Els	1
En	1
Enc	8
End	71
Eng	215
Enn	1
Ent	1
Eog	1
Equ	2
Era	19
Ere	2
Esc	3
Ese	1
Esl	1
Esp	8
Est	1
Etl	1
Eud	1
Eug	1
Eui	1
Eur	21
Euw	2
Eva	1
Eve	1
Ex	5
Exp	18
Eyl	1
Eyn	3
F	2
FAR	1
FER	2
FIA	1
FOo	1
FRA	10
FRE	2
F^g	1
Fac	1
Fai	1
Fak	1
Fal	1
Far	4
Fde	1
Feb	53
Fel	1
Fer	5
Fes	2
Fia	5
Fid	3
Fig	1
Fin	1
Fir	49
Fis	1
Fiu	1
For	24
Fou	2
Fra	63
Fre	5
Frè	1
Fto	1
GAN	1
GAR	1
GAT	1
GEN	1
GER	1
GIP	1
GOE	1
GON	4
GUL	1
G^n	1
GaH	1
Gab	11
Gac	12
Gae	3
Gai	2
Gak	3
Gal	123
Gam	72
Gan	11
Gap	39
Gar	50
Gas	27
Gat	2
Gav	1
Gay	10
Gbi	1
Gbo	1
Gbr	1
Geb	1
Gec	1
Ged	5
Gee	7
Geg	1
Gei	1
Gej	1
Gel	29
Gem	26
Gen	331
Gep	1
Ger	38
Ges	9
Get	1
Geu	15
Gev	1
Gey	7
Gfo	1
Gha	1
Ghe	15
Ghi	41
Gho	8
Ghr	4
Ght	1
Ghy	1
Ghé	1
Gi*	1
Gib	2
Gil	17
Gim	1
Gin	1
Git	1
Giï	1
Gla	6
Gle	5
Gml	1
Gno	7
Goa	66
Gob	1
Goc	2
God	159
Goe	29
Gog	1
Gol	14
Gom	111
Gon	129
Goo	5
Gop	1
Gor	16
Gos	5
Got	9
Gou	338
Goy	1
Gra	23
Gre	2
Gri	63
Gro	63
Grr	1
Gru	2
Gry	23
Gua	2
Gul	11
Gum	1
Gun	1
Gus	3
Gyl	1
Gys	1
Gèr	1
Gód	1
H	182
H)r	1
HAS	2
HCa	1
HGa	1
HHi	2
HIE	2
HIL	2
HIa	1
HNe	1
HON	2
HOS	1
HSp	1
HSu	1
HU	1
HYS	1
H^i	1
Haa	1
Hac	12
Had	23
Hae	35
Haf	3
Hag	6
Hah	1
Hai	2
Hal	18
Ham	54
Han	12
Har	45
Has	9
Hat	24
Hay	8
Hbe	1
Hbo	1
Hca	4
Hce	1
Hch	1
Hco	3
Hde	1
Heb	3
Hed	19
Hee	50
Hef	1
Hel	17
Hem	3
Hen	42
Her	19
Hes	1
Het	53
Heu	2
Hey	11
Hff	1
Hfl	4
Hfo	3
Hga	5
Hge	10
Hgo	1
Hgu	1
Hha	1
Hhe	1
HiL	1
Hid	2
Hie	7
Hil	24
Hin	9
Hir	3
His	5
Hit	58
Hja	1
Hjo	1
Hla	1
Hma	1
Hmo	2
Ho	3
HoU	28
Hoc	2
Hoe	8
Hof	1
Hoi	2
Hol	154
Hom	1
Hon	5
Hoo	23
Hop	1
Hor	2
Hou	9
Hpa	2
Hpe	1
Hpi	1
Hpp	1
Hql	1
Hro	1
Hsa	2
Hsc	4
Hse	24
Hsi	1
Hst	1
Hsy	2
Hu	1
Hud	3
Hug	1
Hun	1
Hur	16
Hut	1
Huy	8
Hve	9
Hvi	1
Hvo	2
Hvr	1
Hwa	1
Hwe	16
Hwé	1
Hy	5
I	6
I)e	2
I7i	2
I8V	1
I>5	1
IAE	1
IAL	1
IAM	1
IB	4
IBO	1
ICH	1
ICX	1
IEF	5
IEG	1
IEL	1
IEN	1
IF	1
IG	1
IGA	1
IGO	2
II	2
III	1
IIV	1
IJ	1
IK	3
IKE	1
ILI	2
ILL	2
IMA	1
IME	1
IMO	3
IN	1
INA	1
ING	2
INS	2
INt	1
IO7	1
IOV	1
IOY	1
IP	1
IPI	1
IPO	1
IPP	2
IS	16
ISC	1
ISO	5
ISS	17
ISV	1
ISa	1
ISh	1
ITE	1
ITI	1
IV	7
IV2	2
IV4	1
IVE	16
IVa	1
IVi	1
I^^	1
I^x	1
Iaa	1
Ian	1
Ias	2
Ibr	1
Ich	3
Ick	13
Icy	1
Ie	54
IeD	1
Iem	1
Ier	4
Ign	1
Iha	3
Ihi	1
Iho	4
Iie	1
Iii	1
Iio	1
Ije	2
Ijo	1
Ila	1
Ile	2
Ili	1
Ill	1
Ilu	1
Ima	12
Imv	1
In	37
Ind	132
Ing	2
Ini	1
Ino	3
Ins	9
Int	24
Inu	1
Iny	1
Ioo	1
Ipe	1
Iqu	19
Ira	1
Ire	3
Iri	1
Iro	1
Is	1
Is^	1
Ise	2
Isi	1
Ism	4
Iso	1
Iss	1
Ist	1
Ita	1
Ite	6
Itr	1
Ivi	6
Iwa	1
Iwe	1
Iwi	3
Iwo	2
Iwv	1
Iwy	4
IËF	1
IÜS	1
J	3
J2r	1
JAN	1
JEN	1
JER	2
JO	1
JOH	1
JQQ	1
JQg	1
J^l	1
Ja	1
Jab	1
Jac	60
Jad	1
Jae	3
Jaf	4
Jag	17
Jai	1
Jak	1
Jal	1
Jam	100
Jan	192
Jap	436
Jaq	1
Jar	6
Jas	1
Jat	2
Jau	1
Jav	131
Jay	1
Jdp	1
Je	1
Jec	2
Jed	7
Jeg	7
Jen	2
Jer	7
Jes	1
Jhd	1
Jho	1
Jia	1
Jie	2
Jii	1
Jmi	1
Jnl	1
Jnt	1
Joa	15
Job	2
Joc	8
Joh	138
Jol	1
Jom	1
Jon	27
Joo	2
Jor	4
Jou	5
Jsc	1
Jua	10
Jud	6
Jul	64
Jun	49
Juo	2
Jur	2
Jus	8
JÜA	1
K	12
K)c	1
K)n	2
K)o	1
K2	1
K25	1
K5	2
K88	1
KER	2
KEn	1
KHs	1
KMl	1
KO	2
Kab	1
Kac	4
Kae	8
Kak	2
Kat	1
Kay	1
Kaè	1
Kda	1
Kea	1
Kee	4
Kef	4
Kel	9
Ken	1
Kep	1
Ker	21
Kes	3
Ket	3
Key	116
Kha	1
Kie	6
Kil	3
Kim	36
Kin	4
Kip	2
Kis	11
Kit	7
Kiv	6
Kla	1
Koe	1
Kon	3
Kou	2
Kpa	1
L	2
LAC	1
LAE	24
LAN	1
LAU	1
LAË	1
LDS	1
LEM	2
LEN	1
LER	1
LHO	1
LIG	1
LIP	3
LLE	1
LLO	2
LON	2
LOU	1
LOW	1
LTi	1
LUT	1
LVO	1
La	2
La-	2
Laa	10
Lab	1
Lac	4
Lad	4
Laf	2
Lag	1
Lah	2
Lai	1
Lal	1
Lam	59
Lan	17
Lao	19
Lar	13
Las	3
Lat	12
Lau	26
Lax	17
Led	1
Lee	30
Lel	9
Lem	1
Len	1
Leo	5
Leq	2
Ler	1
Let	4
Leu	1
Ley	1
Lft	1
Lib	1
Lie	14
Lig	1
Lii	2
Lil	10
Lim	56
Lin	7
Lis	91
Lit	1
Lix	2
Loc	3
Lod	1
Loe	9
Lof	1
Lok	4
Lol	3
Lom	8
Lon	21
Loo	7
Lop	1
Los	20
Lou	93
Loy	2
Lse	1
Lss	1
Luc	21
Luh	1
Luy	8
Lyn	2
Lys	1
M	42
M)p	1
MAN	2
MAR	1
MAS	4
MBO	1
MEN	2
MIC	1
MIN	2
MIS	16
MMO	1
MON	3
MOR	1
MUN	1
Ma	1
Ma-	1
MaM	1
MaT	1
Maa	2
Mac	245
Mad	49
Mae	91
Mag	5
Mah	5
Mai	8
Maj	7
Mak	1
Mal	411
Mam	6
Man	104
Maq	1
Mar	120
Mas	101
Mat	68
Mau	14
Max	3
May	339
Maé	1
Mdc	1
Mec	1
Med	3
Mee	24
Mei	1
Mel	2
Men	34
Mer	5
Mes	3
Met	32
Meu	2
Mev	1
Mew	4
Mey	14
Mia	1
Mic	10
Mid	7
Mie	3
Mim	1
Min	27
Mip	1
Mir	16
Mis	3
Mit	14
Miv	1
Mle	1
Mmn	1
Mo	1
Moa	10
Moc	14
Mod	5
Moe	9
Mof	1
Mog	19
Moh	1
Mol	54
Mom	2
Mon	12
Moo	81
Mor	27
Mos	4
Mot	2
Mou	12
Moy	1
Mr	1
Mre	1
Mug	1
Mul	3
Mun	1
Mus	1
Muy	1
Mwf	1
Myn	2
Mïh	1
N	12
NAN	3
NCA	1
NCI	1
NDE	1
NDI	1
NDO	2
NDR	1
NEZ	1
NFE	1
NGA	1
NGO	4
NHA	2
NIM	2
NIO	2
NLI	1
NNA	1
NNÖ	1
NOC	7
NQÜ	1
NSA	1
NSL	25
NSN	2
NTE	1
NTH	2
NTI	1
NTO	3
NTW	1
NTY	1
NUE	1
Naa	1
Nab	13
Nac	16
Nae	41
Nag	1
Nai	1
Naj	1
Nal	3
Nam	2
Nan	69
Nao	1
Nap	3
Nar	19
Nas	17
Nat	2
Nau	2
Nay	1
Neb	1
Ned	106
Nee	87
Neg	61
Nei	2
Nel	2
Nep	23
Neq	1
Ner	1
Neu	1
Nev	3
Ney	13
Nic	18
Nid	1
Nie	4
Nig	1
Nil	1
Nis	1
Noa	1
Noc	1
Nof	1
Non	2
Noo	12
Nop	1
Nor	4
Nos	1
Not	2
Nou	10
Nov	63
Ntt	1
Nu	1
Nui	1
Nul	1
Nun	9
Nur	1
Nus	2
Nuy	1
O74	1
O:1	1
OBA	1
OCA	7
ODJ	1
ODR	1
OES	1
OHN	1
OLE	1
OLU	1
OMI	2
ONA	1
OND	2
ONG	2
ONI	4
ONN	2
ONO	2
ONQ	1
ONS	2
ONT	1
OON	1
OOO	1
OOR	1
OOs	1
ORA	1
ORB	1
ORD	2
ORT	1
OSE	1
OST	1
OUA	1
OUS	1
OUY	1
OV4	1
OVs	1
OWY	1
OY2	1
OYE	1
Obi	1
Oca	2
Occ	1
Ock	2
Ocl	4
Oco	2
Oct	51
Oen	3
Oew	2
Oey	1
Of	1
Off	2
Oge	1
Ohi	1
Oia	2
Oii	1
Oil	1
Oim	1
Oin	1
Oja	2
OlO	1
OlS	1
Old	2
Ole	1
Oli	28
Oll	1
Olo	12
Olt	3
Om	10
Oma	7
Omb	1
Ome	1
Omm	10
Omo	1
Ona	1
Ond	18
Ong	1
Oni	1
Onr	34
Ons	3
Ont	8
Onv	1
Ooc	2
Oom	1
Ooo	1
Oor	2
Oos	23
Op	119
Opd	1
Opp	11
Opr	22
Opt	11
Opw	1
Ora	53
Ori	11
Osa	2
Osc	1
Osi	1
Ost	2
Ote	1
Ott	26
Oud	17
Ouj	2
Ouk	1
Oul	4
Our	14
Out	3
Ouv	2
Ouw	1
Ov	2
Ove	9
Oya	6
Oye	2
OÜA	1
Oöd	1
P	24
P/2	1
PAT	1
PAV	1
PED	2
PEG	1
PHH	1
PHI	2
PIG	1
PIM	1
PIT	1
PLA	1
PPO	2
P^^	1
P^g	1
P^r	1
Pa	1
Pab	1
Pac	36
Pad	48
Pae	9
Pag	3
Pah	17
Pai	1
Pal	170
Pam	71
Pan	64
Pap	3
Par	28
Pas	13
Pat	65
Pau	33
Pav	1
Pay	3
Pbi	1
Pbr	1
Pdl	1
Peb	1
Pec	7
Ped	7
Pee	5
Peg	21
Pej	1
Pel	4
Per	100
Pes	14
Pet	27
Phi	26
Pi'	1
Pia	3
Pie	32
Pii	1
Pil	1
Pim	1
Pin	8
Pip	18
Pis	5
Pit	10
Pië	1
Pla	8
Pli	1
PoM	1
Pod	1
Poe	6
Poi	2
Pol	1
Pon	3
Poo	1
Pop	1
Por	345
Pos	1
Pot	2
Pou	29
Pr	1
Pra	6
Pre	8
Pri	87
Pro	5
Psf	1
Psi	1
Pul	1
Pun	28
Put	2
Puy	5
Pya	7
Pér	1
Pör	1
QQc	1
QSo	1
QUE	1
Qae	1
Qam	1
Qci	2
Qde	1
Qge	1
Qie	1
Qjp	1
Qle	1
Qma	1
Qoo	2
Qpr	1
Qsa	1
Qst	1
Qua	10
Qud	1
Que	72
Qui	55
Quo	2
Quy	1
QÜI	1
R	4
RAC	1
RAE	1
RAI	1
RAN	25
RAT	8
RBA	1
RBY	1
RCU	1
RDE	1
RDO	1
RE6	1
REE	2
REM	1
REN	4
REQ	1
RER	2
RES	1
RET	1
RIE	4
RIG	1
RIN	1
RIO	1
RIË	1
RNA	1
ROA	1
ROD	1
RON	3
ROO	1
ROS	3
RTA	1
RTY	1
RVA	1
Raa	1
Rab	3
Rac	14
Rad	58
Rae	10
Rag	9
Rai	1
Ram	28
Ran	22
Rar	1
Ras	2
Rat	23
Rau	1
Rav	1
Ray	32
Reb	1
Rec	2
Red	1
Ree	1
Ref	1
Reg	5
Rem	6
Ren	2
Rev	17
Rey	19
Ric	3
Rii	1
Rin	12
Rio	4
Ris	3
Rit	2
Riv	1
Rob	2
Roc	17
Rod	3
Roe	2
Rol	3
Rom	15
Roo	2
Ros	5
Rot	8
Rov	1
Roy	5
Rua	2
Rui	1
Rus	1
Rut	15
Ruy	19
Ryc	2
Ryp	14
Rys	8
Rél	1
S	230
S'/	1
S.2	1
S40	1
S44	1
S6	1
S74	1
S8	1
S9	1
S99	1
SAB	1
SAD	1
SAL	1
SAN	1
SB^	1
SCA	3
SCO	1
SEB	1
SEN	1
SEY	1
SI	1
SIA	1
SIM	2
SIV	16
SIÜ	1
SLA	25
SNO	2
SO	7
SOB	1
SOL	1
SON	1
SOO	2
SOR	1
SPE	1
SS	2
SSA	1
SSE	1
SSI	17
SSO	1
STA	1
STI	1
STr	1
SUI	1
SUl	1
SVi	2
SVj	1
SVs	2
SWe	1
S^J	1
S^s	2
Sab	28
Sac	5
Sae	2
Sah	2
Sai	4
Sal	21
Sam	33
San	41
Sap	1
Sar	18
Sat	2
Sau	1
Say	15
Scb	3
Sch	45
Sde	2
Sdo	1
Seb	6
Sec	7
Sed	29
See	13
Seg	3
Sek	3
Sel	8
Sen	28
Sep	57
Ser	86
Set	1
Seu	1
Sev	2
Sey	1
Sfa	1
Sgi	1
Sho	1
Si	1
SiU	1
Sia	77
Sib	6
Sic	8
Sid	1
Sie	6
Sig	1
Sii	1
Sil	44
Sim	5
Sin	36
Sio	3
Sip	1
Sir	35
Sit	6
Ske	1
Sle	1
Slr	3
Slu	1
Sme	1
Sna	1
Snc	1
Sne	1
Snn	1
Sno	21
Snt	1
Soa	7
Soe	7
Soi	7
Sol	8
Som	11
Son	34
Soo	124
Sop	1
Soq	1
Sor	1
Sot	3
Sou	59
Sow	1
Soy	2
Spa	114
Spi	4
Sqi	1
Sr	3
Sry	2
Ssc	1
St	5
Sta	5
Ste	9
Stn	1
Sto	3
Str	18
Sua	4
Sub	1
Suc	19
Suh	1
Sui	1
Sul	44
Sum	26
Sun	19
Suo	1
Sup	3
Sur	84
Sut	16
Suw	1
Suy	8
Sva	1
Swa	18
Sy	5
Sym	10
Syn	47
T	5
T'	3
TAB	1
TAD	1
TAL	1
TAV	1
TAY	2
TCf	1
TER	8
TEY	1
THO	2
THY	1
TIA	1
TIE	4
TON	3
TOl	1
TOo	1
TRA	25
TSI	1
TSU	1
TUA	1
TWO	1
TYG	1
TYL	1
T\!	1
Tab	7
Tac	6
Tae	17
Taf	2
Tag	2
Tah	2
Tak	1
Tal	3
Tam	20
Tan	50
Tap	4
Tar	43
Tay	84
Tbr	2
Tby	1
Tch	2
Tde	3
Te	2
Teg	113
Teh	1
Tel	6
Tem	11
Ten	43
Ter	26
Tes	1
Tex	5
Tey	3
Tha	2
The	1
Thi	4
Tho	24
Thu	1
Thy	18
Tic	28
Tid	68
Tie	2
Tig	4
Til	2
Tim	5
Tin	3
Tip	1
Tir	1
Tit	2
Tiv	2
Tke	2
Tlo	1
ToU	4
Tob	3
Toc	2
Toe	3
Tol	24
Tom	20
Ton	55
Too	5
Tor	7
Tot	29
Tou	30
Tra	21
Tre	1
Tri	21
Tro	2
Tru	5
Try	1
Tsi	9
Tsj	1
Tsu	1
Ttd	1
Ttt	1
TuU	1
Tua	2
Tul	1
Tun	1
Tur	4
Tus	2
Tvd	1
Tvn	2
Twe	4
Twi	33
Tyd	1
Tye	1
Tys	4
TÜe	1
U	283
U)e	1
U.E	57
U.Ë	1
UAN	2
UBc	1
UE	6
UEL	1
UES	1
UEd	1
UEs	2
UI	3
UIS	1
UIe	1
ULE	1
UOc	1
URE	1
USA	1
UTI	1
UUi	1
UYS	1
Uad	5
Uae	3
Uan	29
Uar	2
Uas	1
Ube	1
Ubo	1
Uce	2
Uch	1
Ue	1
Ueb	3
Uec	2
Uee	1
Ueg	2
Uek	1
Uem	1
Uen	12
Uer	1
Ues	1
Uet	1
Uew	1
Uhe	1
Uhi	1
Uic	3
Uie	1
Uim	2
Uio	4
Uip	1
Uit	1
Uiu	1
UlU	1
Ule	1
Uli	12
Ult	10
Umo	1
Umr	1
Una	1
Ung	5
Unz	1
Uoe	1
Uol	2
Uon	4
Uou	1
Up	1
Upa	1
Usc	1
Use	1
Uuy	1
Uve	2
Uvo	1
Uw	12
Uwe	14
Uwo	5
Uy	1
Uyc	1
Uyl	2
Uyt	27
Uyv	1
V	13
V2	4
V29	1
V4	8
VAI	1
VAL	1
VAZ	1
VDo	1
VIA	1
VIC	1
VII	1
VUe	1
VVo	1
V^r	1
Va	34
Vad	6
Vae	3
Val	12
Van	49
Var	1
Vav	7
Vaz	2
Ved	1
Vee	7
Vel	8
Ven	17
Ver	44
Ves	1
Vi	12
ViT	1
Vi^	2
Vic	9
Vie	1
Vin	18
Vio	1
Vir	2
Vis	18
Vj	8
Vl	2
Vli	51
Voe	2
Vog	2
Vol	18
Voo	53
Vor	40
Vos	9
Voy	1
Vra	3
Vre	1
Vri	4
Vro	1
Vru	1
Vry	1
Vs	5
Vsa	1
Vua	1
Vv^	1
Vyc	1
Vz	1
W	6
W7t	1
WIL	1
WOO	1
WUI	1
WYL	1
WYS	1
Wac	11
Wad	5
Wae	13
Wah	1
Wai	1
Wal	19
Wam	4
Wan	36
War	4
Was	32
Wat	73
Wav	1
Waw	56
Way	19
Wdb	1
Wed	1
Wee	1
Weg	5
Wei	1
Wel	21
Wen	2
Wep	1
Wer	10
Wes	81
Wey	10
Who	3
WiU	1
Wic	14
Wid	2
Wie	4
Wig	1
Wil	47
Win	23
Wir	1
Wis	2
Wit	7
Wlh	1
WoU	2
Wod	4
Woe	1
Wol	3
Won	1
Wop	1
Wor	1
Wot	5
Wou	2
Wst	1
Wt	11
Wtg	1
Wtr	4
Wun	1
Wuy	2
Wy	8
Wyb	1
Wyd	12
Wyr	2
Wyt	1
X	2
XLI	1
XTR	1
XVI	2
Xac	1
Xis	1
XuU	1
Xul	6
Y	2
Y2	2
YEN	1
YGU	1
YHO	1
YLD	1
YOU	1
YOÜ	1
YSS	1
Ya	1
Yan	1
Yen	1
Yer	2
Yic	3
Yin	3
Yis	4
Yj	1
Yli	2
Yoo	5
Yor	1
You	1
Z	6
ZEZ	1
ZOU	1
Zan	1
Zay	2
Zee	27
Zer	1
Zie	1
Zim	1
Zin	1
Zoi	1
Zon	6
Zoo	1
Zpe	1
Zul	1
Zum	1
Zun	1
Zur	3
Zut	3
Zuy	6
Zyn	2
[)s	1
[?J	1
[Lu	1
[Pa	1
[^t	1
[de	1
[la	1
[ou	1
[si	10
\!^	1
\V	1
\Va	1
\Wl	1
\Ws	1
\^a	1
\^s	1
\ae	1
\an	2
\cx	1
\fs	1
\nl	1
\ra	2
\ry	1
]in	1
]ol	1
]ri	1
^"J	1
^''	1
^'h	1
^.v	1
^/g	1
^6s	1
^7e	1
^:s	1
^Ad	2
^Ag	1
^Br	1
^De	1
^Ed	1
^En	1
^Ge	1
^Is	1
^Ja	1
^Mï	1
^P	1
^Po	1
^T	1
^T\	1
^Ta	1
^Vv	1
^W	1
^Y	1
^^6	1
^^U	2
^^V	1
^^^	1
^^e	2
^^i	1
^^j	1
^^l	1
^^n	2
^^o	1
^^t	1
^a	1
^ac	1
^ad	4
^ae	12
^al	1
^an	7
^as	6
^at	3
^ca	1
^ch	2
^ck	4
^cq	1
^da	2
^de	13
^di	1
^dr	1
^e	2
^ea	2
^ec	1
^ee	4
^ef	1
^el	6
^em	1
^en	10
^er	9
^es	3
^et	4
^ev	1
^ew	1
^ey	1
^ff	1
^fl	3
^ft	1
^ga	1
^ge	6
^gg	2
^gr	1
^ha	1
^he	2
^hi	1
^ht	1
^ic	1
^id	3
^ie	3
^ii	1
^in	2
^is	5
^it	1
^j	1
^ja	1
^ke	1
^lO	1
^lc	1
^le	3
^li	1
^lv	1
^ly	1
^ma	1
^me	2
^mt	1
^n	1
^nd	5
^ne	1
^ng	1
^ni	1
^nn	4
^nt	1
^ny	1
^o	1
^ol	1
^om	1
^on	6
^oo	6
^op	1
^or	1
^ou	4
^ov	1
^pm	1
^pr	1
^r^	1
^ra	2
^re	8
^ri	1
^rl	1
^ro	2
^rt	1
^ry	1
^s	2
^sa	2
^sc	2
^se	5
^sl	1
^st	3
^sv	1
^t	1
^tb	1
^tc	2
^te	3
^ti	1
^to	1
^tx	1
^us	1
^va	1
^ve	2
^vo	1
^vr	1
^vy	1
^wh	1
^xa	1
^yn	2
^yo	1
^ys	1
^yt	1
a	362
a'l	1
a(F	1
a(T	1
a(e	1
a(o	1
a-a	3
a2	1
a30	1
a9s	1
a<y	1
a?s	1
aBt	1
aCE	2
aCs	1
aDB	1
aDJ	1
aDd	1
aDg	1
aEs	1
aGh	1
aHf	1
aHs	1
aJ	1
aLs	1
aMa	1
aMi	2
aO	1
aOi	1
aOo	1
aQd	1
aQo	1
aSe	1
aSs	1
aSy	1
aTe	1
aU	1
aUa	1
aUe	5
aUw	1
a^e	1
a^g	1
a^t	1
a^v	2
aac	2
aad	2
aae	6
aag	1
aai	2
aak	1
aal	11
aan	21
aar	38
aas	3
aat	22
aau	1
aay	2
aba	134
abb	4
abe	63
abh	1
abi	30
abj	6
abl	6
abo	95
abr	9
abs	19
abu	13
aby	3
abü	1
ac-	1
ac^	1
aca	295
acb	50
acc	497
acd	1
ace	9
acf	1
ach	2148
aci	17
acj	9
ack	490
acl	15
acn	11
aco	57
acq	62
acr	16
acs	9
act	214
acu	11
acx	3
acy	2
acö	1
ad	1
ada	110
add	1657
ade	1541
adf	1
adh	2
adi	187
adj	106
adl	10
adm	31
adn	1
ado	48
adr	36
ads	46
adt	338
adu	31
adv	283
ady	17
ae'	3
aeD	4
aeH	1
aeL	1
aeP	2
aeT	1
aeU	2
aea	3
aeb	7
aec	935
aed	59
aee	15
aef	44
aeg	125
aeh	5
aei	16
aej	2
aek	4
ael	1078
aem	351
aen	4477
aeo	5
aep	11
aer	8139
aes	213
aet	1015
aeu	14
aev	4
aew	6
aey	13
aeï	1
af	20
afB	1
afT	2
afb	2
afc	6
afd	2
afe	9
aff	480
afg	65
afh	2
afi	27
afj	2
afk	1
afl	40
afn	1
afo	2
afp	1
afq	1
afs	20
aft	45
afv	3
afw	3
aga	36
agb	8
age	927
agf	1
agg	24
agh	142
agi	224
agn	4
ago	109
agt	1
agu	26
agw	1
agy	1
ah	2
aha	173
ahd	1
ahe	2
ahg	1
ahi	23
ahj	1
ahl	2
ahn	1
aho	37
ai	2
ai'	2
ai*	2
aiO	1
aiQ	1
aiT	3
aiU	1
aia	7
aib	1
aic	7
aid	5
aie	3
aif	9
aig	4
aii	6
ail	59
ain	35
aio	2
aip	2
air	41
ais	18
ait	7
aiu	1
aiv	1
aiy	2
aiï	4
aj^	1
aja	2
aje	5
aji	1
ajo	13
ajs	1
aju	29
ak	2
aka	1
ake	289
aki	7
akk	1
akl	1
akt	1
aku	2
aky	3
al	230
al3	1
alI	1
alK	1
alT	2
alU	1
ala	490
alb	3
alc	87
ald	706
ale	1370
alf	58
alg	8
alh	115
ali	315
alj	67
alk	3
all	1260
alm	6
aln	10
alo	174
alp	53
alr	28
als	2206
alt	139
alu	16
alv	180
alw	52
aly	68
am	1
am-	1
ama	348
amb	440
amd	3
ame	586
amf	1
amh	4
ami	44
amj	1
aml	5
amm	116
amn	2
amo	44
amp	202
amr	38
ams	119
amt	3
amu	8
amv	1
amy	2
am|	1
amé	1
an	5
an'	5
anB	1
anH	1
anJ	2
anK	1
anL	1
anM	1
anR	1
anS	1
anT	2
anU	2
an^	3
ana	216
anb	7
anc	487
and	4406
ane	274
anf	2
ang	1953
anh	24
ani	419
anj	85
ank	5
anl	54
anm	2
ann	379
ano	65
anp	1
anq	6
ans	656
ant	3072
anu	76
any	49
anz	1
ao	1
aoa	8
aob	1
aoc	2
aoe	1
aoh	1
aoi	3
aol	1
aom	1
aon	4
aoo	2
aor	13
aos	9
aou	17
apa	540
ape	109
apf	1
apg	1
aph	13
api	274
apl	6
apm	1
apo	86
app	488
apr	2
aps	6
apt	21
apu	6
apy	2
apó	1
aqj	1
aqu	4
ar	1
arH	1
arL	2
ara	432
arb	47
arc	57
ard	197
are	1425
arg	193
arh	1
ari	361
arj	101
ark	1
arl	36
arm	78
arn	101
aro	103
arp	11
arq	11
arr	395
ars	68
art	779
aru	12
arv	4
arw	5
ary	44
as	1
asS	1
asa	81
asc	59
asd	2
ase	70
asg	2
asi	41
asj	3
ask	5
asl	17
asn	1
aso	146
asp	2
asq	2
ass	785
ast	903
asu	74
asy	9
asz	2
at	1
at<	1
atT	1
ata	316
atb	2
atc	17
atd	3
ate	872
atf	2
atg	3
ath	25
ati	377
atj	15
atl	30
atm	1
atn	126
ato	476
atp	2
atr	83
ats	73
att	518
atu	47
atw	1
aty	16
até	1
au^	1
aua	12
auc	7
aud	74
aue	2
aug	4
aui	2
auk	1
aul	51
aun	1
aup	1
aur	21
aus	19
aut	64
auv	2
auw	163
av^	1
ava	168
ave	245
avg	1
avi	205
avo	80
awa	78
awo	1
axa	46
axe	16
axi	6
axm	1
axt	1
ayM	1
ayS	4
aya	90
ayb	32
ayd	1
aye	77
ayf	1
ayi	1
ayl	73
aym	16
ayn	4
ayo	188
ayr	2
ays	62
ayt	10
aza	1
azy	6
a£Q	1
a£f	1
aèm	1
aèn	2
aèr	2
aéc	1
aém	1
aén	1
aér	2
aét	2
aêr	1
aël	1
aïi	1
aüe	1
b	1
b(H	1
b(d	1
bIa	1
bMe	1
ba	2
baa	1
bab	15
bac	48
bad	99
bae	126
baf	19
bag	3
bah	38
bai	4
baj	1
bak	2
bal	100
bam	16
ban	278
bao	1
bap	23
bar	128
bas	127
bat	83
bau	5
bav	1
baw	3
bay	27
bba	7
bbc	1
bbe	1097
bbo	1
bbr	1
bbè	1
bc^	1
bca	1
bce	1
bck	1
bcn	1
bcr	1
bcs	2
bct	1
bcw	1
bda	2
bde	4
bds	1
bdu	3
be	1
beD	1
beH	1
beU	2
bea	15
beb	50
bec	383
bed	259
bee	152
bef	3
beg	240
beh	289
bei	3
bej	30
bek	74
bel	428
bem	56
ben	1088
beo	9
bep	12
beq	109
ber	501
bes	621
bet	326
beu	21
bev	222
bew	96
bey	109
bez	1
beê	1
bgi	1
bha	146
bhe	1
biU	1
bia	4
bib	1
bic	1
bid	31
bie	107
bil	24
bin	290
bio	2
bip	5
biq	1
bis	5
bit	46
biu	1
biy	2
biï	1
bjd	1
bje	12
bjn	1
bk)	1
bl)	4
bla	67
ble	285
bli	33
blo	50
blu	4
bly	233
bl}	1
bm'	1
bma	1
bmb	1
bmi	1
bmp	1
bna	1
bni	2
bnr	2
boC	1
boD	2
boU	2
boa	11
bob	22
boc	28
bod	127
boe	181
bof	1
bog	4
boi	85
bol	22
bom	12
bon	228
boo	222
bop	5
bor	72
bos	94
bot	28
bou	132
bov	208
bow	1
boy	15
bpa	1
bra	444
bre	396
brf	1
bri	366
bro	99
brt	1
bru	158
bry	6
bse	18
bsi	3
bso	4
bst	28
bsv	1
bsy	1
bsz	9
bte	35
btg	1
bti	22
btp	1
btv	1
buD	1
bua	9
buc	1
bud	2
bue	3
buf	14
bul	10
bun	34
bur	61
bus	21
but	3
buy	209
bvo	6
bvu	1
by	898
by-	1
by^	1
bya	9
byc	7
byd	58
bye	11
byg	18
byh	7
byl	3
bym	1
byn	35
byq	1
bys	46
byt	5
byv	1
byw	2
bèl	1
bèy	1
béc	1
bél	1
bén	1
bës	1
bói	1
böA	1
bür	2
büy	1
c	3
c&e	1
c-c	1
c6n	1
c<x	1
cTi	1
c^c	1
c^n	1
c^o	1
c^p	1
c^s	1
c^y	2
caH	1
caS	1
caa	1
cab	46
cac	1
cad	41
cae	27
caf	10
cag	4
cai	10
caj	1
cal	129
cam	51
can	368
cao	46
cap	164
car	222
cas	433
cat	316
cau	40
cav	9
cay	95
cba	40
cbd	1
cbe	53
cbi	21
cbk	1
cbl	4
cbm	1
cbo	17
cbr	8
cbs	5
cbt	83
cbu	2
cby	5
cca	456
ccb	1
ccc	1
cce	58
cch	1
cck	5
ccl	1
ccn	1
cco	113
ccr	1
ccu	22
cd[	1
cde	4
cdi	1
ce-	2
cea	2
cec	1
ced	48
cee	113
cei	1
cel	60
cem	58
cen	114
ceo	2
cep	25
cer	68
ces	52
cet	5
ceu	1
cf	3
cfa	4
cfc	1
cff	2
cft	1
cfy	1
cge	6
cgu	1
ch'	1
cha	773
chb	1
chc	3
chd	38
che	1747
chg	14
chh	3
chi	930
chk	1
chl	72
chm	9
chn	3
cho	423
chp	2
chr	706
chs	173
cht	3953
chu	226
chv	7
chw	1
chx	1
chy	174
ché	3
ci	1
ci'	1
cia	4
cic	2
cid	2
cie	114
cif	9
cij	1
cil	5
cin	6
cip	69
cir	3
cis	29
cit	16
civ	18
ciy	1
cië	5
ciü	2
cja	8
cjc	1
cjs	1
ckK	1
ck^	2
cka	89
ckb	30
ckc	8
ckd	7
cke	4270
ckg	6
ckh	94
cki	119
ckj	45
ckk	1
ckl	49
ckm	27
ckn	4
cko	24
ckp	3
ckr	30
cks	150
ckt	759
cku	7
ckv	3
ckw	28
ckx	43
cky	10
ckz	5
ckè	1
cké	3
clM	1
cl^	1
cla	150
clc	1
cle	853
cli	52
clo	42
clt	1
clu	11
clv	1
cly	3
clè	1
cma	1
cmb	1
cme	3
cmg	1
cmt	1
cna	2
cnd	6
cne	1
cng	1
cni	4
cno	4
cns	5
cny	1
coD	2
coU	3
co^	1
coa	7
cob	51
coc	172
cod	1
coe	27
cof	2
cog	16
coi	17
coj	5
col	294
com	2246
con	1690
coo	832
cop	243
cor	434
cos	207
cot	22
cou	211
cov	1
coy	83
coË	1
coü	1
cpe	1
cpi	2
cpm	2
cps	1
cqa	1
cqm	1
cqu	142
cqy	1
crU	1
cra	24
crc	2
crd	1
cre	172
crh	1
cri	13
crj	1
crl	2
crm	2
crn	1
cro	44
crs	4
crt	6
cru	119
crv	1
cry	64
csa	1
csd	1
cse	16
csi	2
csk	1
csl	1
csp	1
cst	1
cta	11
ctb	1
cte	207
cth	1
cti	101
cto	83
ctr	3
cts	2
ctu	77
cty	16
cuU	1
cub	3
cuf	1
cui	1
cul	68
cum	31
cun	22
cup	10
cur	63
cus	227
cut	7
cux	1
cuy	6
cve	1
cwa	1
cx)	1
cxd	20
cxe	2
cxk	1
cxr	14
cxs	12
cxz	1
cyd	1
cye	3
cyk	1
cyl	3
cyn	6
cyp	1
cyt	3
cèn	1
céd	1
cóm	4
cón	1
cöb	1
cön	1
cüs	1
d	330
d'	1796
d'C	1
d'D	1
d'E	1
d'a	2
d'b	1
d'e	1
d'h	1
d'o	1
d'p	1
d'r	1
d(i	1
d)b	1
d)o	1
d)r	1
d*.	1
d*A	1
d*C	2
d*E	7
d*M	1
d*N	1
d*O	1
d*R	1
d*a	8
d*c	1
d*e	11
d*f	1
d*g	1
d*i	2
d*j	2
d*l	1
d*m	4
d*o	20
d*p	1
d*q	1
d*s	18
d*t	1
d*v	1
d.a	1
d<f	1
d>b	2
dCi	1
dLT	1
dLe	1
dMu	1
dTa	1
dTe	2
dTi	1
dTo	4
dUB	1
dUa	1
dVa	1
dVe	3
dVo	4
d[)	1
d^A	1
d^E	2
d^^	1
d^a	1
d^d	1
d^e	3
d^f	2
d^g	1
d^i	1
d^j	1
d^n	3
d^o	7
d^s	4
d^w	1
da	3
da(	1
daa	8
dab	25
dac	146
dad	20
dae	3295
daf	2
dag	384
dah	1
dai	8
dak	1
dal	105
dam	93
dan	653
dao	1
dap	20
dar	38
das	26
dat	3305
dau	5
daw	1
day	6
daé	1
dbe	1
dbo	2
dbr	1
dch	1
dck	3
dcl	1
dcm	1
dcn	7
dco	4
dcr	4
dcs	3
dda	34
ddc	1
ddd	1
dde	1799
ddg	1
ddi	1
ddl	1
ddo	11
ddr	6
dds	1
ddy	1
ddé	1
ddï	1
de	4431
de'	3
de-	1
de.	2
de/	1
de2	1
de4	1
de5	1
de6	1
de;	1
deA	1
deC	2
deD	2
deH	1
deM	1
deU	5
de^	4
dea	3
deb	36
dec	37
ded	77
dee	455
def	23
deg	29
deh	5
dei	22
dej	1
dek	3
del	912
dem	47
den	13417
deo	13
dep	31
deq	1
der	6710
des	1693
det	18
deu	216
dev	27
dew	132
dex	4
dey	1
dez	2
deè	1
deü	2
dge	3
dgi	2
dha	10
dhe	1
dho	3
di	3
di*	1
diU	1
di^	1
dia	195
dib	1
dic	392
did	1
die	2247
dif	14
dig	418
dii	5
dil	13
dim	2
din	253
dio	10
dip	7
dir	48
dis	127
dit	296
diu	3
div	68
dix	10
dié	1
dië	35
diü	1
dja	100
dje	29
dji	9
djo	1
djr	2
djs	1
dju	1
dke	1
dl	1
dld	3
dlg	1
dli	12
dll	3
dlo	2
dlu	1
dma	1
dmg	2
dmi	31
dmo	1
dmt	1
dnc	1
dne	1
do	251
do^	1
doa	1
dob	2
doc	521
dod	5
doe	664
dof	1
dog	8
doi	3
dol	22
dom	28
don	131
doo	960
dor	190
dos	24
dot	1
dou	24
doè	1
doü	1
dpa	7
dpc	2
dpo	1
dr	2
dra	341
dre	271
dri	195
drl	1
dro	85
dru	21
dry	56
ds^	1
dsc	2
dsd	1
dse	2
dsh	3
dsi	42
dsm	1
dsn	1
dss	1
dst	5
dta	1
dtb	2
dtd	10
dte	5
dth	6
dtn	1
dtp	1
dts	35
dtt	1
dtv	5
dty	1
du	7
duI	1
duU	1
dub	13
duc	84
due	7
dui	1
dul	14
dum	1
dun	18
dup	1
dur	14
dus	23
dut	1
duw	6
duy	263
dva	59
dve	26
dvi	124
dvj	1
dvo	5
dvs	1
dvy	87
dwa	6
dwe	5
dwi	2
dwo	8
dy	1
dya	3
dyc	39
dye	37
dyn	8
dyr	2
dys	7
dyt	3
dyè	1
dèl	1
dé	1
dér	4
dés	2
dê	1
dën	1
dër	1
dïf	1
dö	1
dül	1
e	11
e&k	1
e'/	1
e'b	3
e'd	1
e'g	1
e's	2
e't	4
e'w	1
e(;	1
e(b	1
e*p	1
e-G	1
e-c	2
e-t	1
e-v	1
e.c	1
e.o	1
e.t	1
e/m	1
e2c	1
e43	1
e5g	1
e6V	1
e6c	1
e;i	1
e;n	1
e<e	1
e<l	1
eAs	1
eCT	1
eCa	1
eCh	2
eCo	1
eDa	2
eDd	4
eDe	1
eDg	1
eDs	1
eDt	3
eHd	1
eHo	1
eHw	1
eJi	1
eKe	1
eMi	1
eMo	1
eOg	1
ePa	1
ePr	1
eSe	1
eSk	1
eTi	1
eTo	1
eU)	1
eU.	1
eUE	2
eUc	2
eUe	3
eUh	1
eUi	1
eUm	1
eUn	4
eUo	3
eWe	5
e\e	1
e\f	1
e^:	1
e^a	3
e^d	1
e^e	1
e^h	2
e^i	1
e^n	2
e^s	1
e^t	2
e^y	1
eab	5
eac	41
ead	74
eae	36
eaf	5
eag	1
eai	1
eal	698
eam	1
ean	65
eao	1
eap	4
ear	82
eas	15
eat	11
eau	11
eav	2
eay	1
eba	92
ebb	1079
ebd	2
ebe	114
ebh	10
ebi	42
ebj	1
ebl	98
ebn	2
ebo	243
ebr	513
ebt	41
ebu	9
ebv	6
eby	3
eca	50
ecb	19
ecc	7
ecd	4
ece	80
ecf	2
ech	768
eci	45
eck	2464
ecl	46
ecn	2
eco	1254
ecp	2
ecq	23
ecr	103
ecs	2
ect	190
ecu	33
ecy	9
ecó	3
ed'	3
edU	1
ed^	1
eda	400
edc	1
edd	11
ede	4436
edi	316
edj	2
edl	1
edo	76
edr	230
eds	2
edt	34
edu	135
edw	12
edy	4
edè	1
edé	2
eeA	1
eeH	1
eeL	1
eea	1
eec	621
eed	1959
eee	9
eef	445
eeg	150
eeh	30
eei	8
eek	61
eel	1147
eem	216
een	5616
eeo	7
eep	262
eer	4546
ees	1173
eet	333
eeu	40
eev	66
eew	6
eex	1
eey	29
ee|	1
eeï	1
efB	2
efF	1
efT	3
efa	7
efd	2
efe	44
eff	636
efh	1
efi	40
efk	3
efl	37
efn	1
efo	14
efr	9
efs	1
eft	438
efu	5
efy	1
eg^	1
ega	226
egb	11
ege	2275
egf	1
egg	304
egh	203
egi	79
egl	1
egn	4
ego	142
egr	176
egs	1
egu	56
egè	1
egé	1
eh^	1
eha	234
ehd	2
ehe	96
ehg	1
ehi	5
ehl	1
ehn	1
eho	452
ehr	4
ehs	4
eht	2
ehu	16
ehy	2
ei'	15
ei)	2
ei*	18
ei-	1
ei>	1
eiA	1
eiB	1
eiF	1
eiT	7
ei]	1
ei^	2
eic	47
eid	6
eie	23
eif	5
eig	2
eih	1
eii	15
eij	3
eil	11
eim	2
ein	66
eio	3
eir	6
eis	2
eit	95
eiu	2
eiv	3
eix	2
eiy	9
eiï	4
ej^	1
eja	22
eje	28
eji	4
ejo	4
ejt	1
eju	1
ejy	1
ek)	1
eka	3
eke	272
ekh	1
eki	25
ekj	1
ekk	12
ekl	2
ekn	3
eko	11
eks	1
ekt	11
eku	1
ekx	1
eky	5
el)	2
el-	1
elF	1
elH	1
elK	1
elL	1
elT	3
elV	1
el^	1
ela	1013
elb	12
elc	578
eld	251
ele	1535
elf	176
elg	17
elh	92
eli	471
elj	16
elk	10
ell	359
elm	47
eln	9
elo	376
elp	66
elq	2
elr	14
els	514
elt	1215
elu	66
elv	1395
elw	11
elx	1
ely	1754
el|	1
em	1
em'	1
em)	1
em^	1
ema	481
emb	210
emc	3
emd	124
eme	1358
emg	2
emh	24
emi	67
emk	2
eml	5
emm	6
emn	18
emo	139
emp	65
emr	2
ems	92
emt	121
emu	15
emw	1
en	766
en"	1
en'	2
en*	1
en-	3
en2	1
en3	1
en7	1
en;	2
enD	1
enH	1
enJ	1
enO	1
enS	1
en^	5
ena	314
enb	97
enc	273
end	12198
ene	1810
eng	946
enh	49
eni	1274
enj	31
enk	6
enl	154
enm	33
enn	156
eno	415
enp	11
enq	6
enr	21
ens	2375
ent	2572
enu	7
env	90
enw	123
eny	38
ené	3
enï	1
enó	1
enü	1
eob	12
eoc	12
eod	12
eoe	5
eog	2
eok	1
eol	1
eom	9
eon	12
eoo	42
eop	16
eor	44
eou	2
eov	1
ep^	1
epa	127
epb	1
epd	8
epe	665
epg	1
eph	5
epi	8
epk	16
epl	39
epm	1
epo	26
epp	8
epr	142
eps	29
ept	149
epu	24
eqd	1
eqi	1
eqq	1
equ	229
er	5
er'	1
er-	3
er;	1
erA	1
erG	1
erI	2
erP	2
er\	1
er^	2
era	1109
erb	318
erc	1072
erd	2141
ere	5106
erf	43
erg	431
erh	522
eri	620
erj	17
erk	51
erl	1223
erm	755
ern	820
ero	829
erp	69
erq	5
err	396
ers	4084
ert	4323
eru	125
erv	520
erw	627
ery	104
erz	1
erè	1
eré	2
eró	2
erü	1
es$	1
es-	1
es.	1
es;	1
esM	1
esa	209
esb	2
esc	667
esd	7
ese	2760
esf	1
esg	6
esh	13
esi	389
esj	1
esl	259
esm	26
esn	28
eso	697
esp	199
esr	1
ess	337
est	1787
esu	50
esv	3
esw	32
esy	8
esz	2
esé	1
et'	3
et*	1
et.	1
et8	1
etC	1
et^	1
eta	294
etb	13
etc	160
etd	11
ete	934
etf	1
etg	56
eth	181
eti	77
etj	32
etk	1
etl	14
etm	13
etn	1
eto	118
etp	1
etr	198
ets	757
ett	280
etu	17
etv	15
etw	120
ety	3
etè	1
eua	1
euc	35
eud	19
eue	5
eug	35
eui	7
eul	8
eum	1
eun	2
euo	2
eup	6
euq	3
eur	890
eus	114
eut	15
euv	24
euw	126
eux	1
ev^	5
eva	354
evd	2
eve	1799
evi	103
evl	23
evn	3
evo	480
evp	1
evr	68
evs	3
evu	9
evy	1
evé	2
ewA	1
ew^	1
ewa	159
ewd	1
ewe	717
ewi	59
ewo	191
ewr	8
ewu	10
ewy	49
exa	27
exc	61
exe	29
exh	1
exi	3
exp	73
exq	1
ext	39
ey	3
eyJ	1
ey^	1
eya	2
eyc	51
eyd	369
eye	161
eyf	1
eyg	127
eyi	7
eyk	3
eyl	491
eym	21
eyn	1135
eyo	3
eyp	1
eyr	2
eys	336
eyt	1129
eyu	4
eyv	2
eyü	1
eze	8
e|i	1
e«r	1
eèr	1
eès	1
eèy	2
eéd	1
eéh	1
eém	6
eén	3
eéq	1
eés	2
eéx	8
eéy	13
eéü	1
eêd	1
eêm	12
eêq	3
eês	4
eêv	1
eêx	10
eêy	13
eëf	1
eëm	2
eës	3
eëx	3
eëy	8
eïT	1
eïn	2
eït	1
eók	1
eöd	1
eös	1
eöx	1
eöy	1
eüc	1
eür	1
f	140
f*^	1
fBc	3
fBn	3
fDe	1
fFe	1
fFt	1
fGs	1
fQm	1
fS	1
fTe	1
fTi	1
fTs	1
fUw	2
fa	1
faa	3
fab	4
fac	39
fae	7
fag	1
fai	12
fal	5
fam	12
fan	83
far	2
fas	14
fat	14
fau	19
fav	23
fbe	5
fbo	1
fbr	17
fby	1
fca	2
fco	25
fcy	2
fd'	1
fdL	1
fda	3
fdc	1
fde	151
fdi	1
fdo	2
fdr	2
fdy	1
feH	1
fea	1
fec	50
fed	1
fee	16
fel	152
fem	2
fen	200
fer	55
fes	9
feu	1
fev	1
few	2
fey	35
ff	2
ffD	1
ffa	22
ffb	20
ffc	19
ffd	149
ffe	413
ffg	143
ffh	6
ffi	77
ffj	1
ffk	26
ffl	18
ffm	1
ffn	1
ffo	2
ffq	1
ffr	10
ffs	183
fft	29
ffu	5
ffv	12
ffw	5
ffy	39
fga	4
fge	206
fgo	2
fgr	1
fha	8
fhe	3
fi	3
fiB	5
fiE	2
fiO	1
fiQ	1
fiT	6
fia	3
fic	87
fid	8
fie	17
fif	24
fig	8
fii	3
fil	6
fim	1
fin	33
fiq	2
fir	28
fis	19
fit	11
fiu	3
fiy	3
fje	1
fjg	1
fke	31
fky	1
flB	1
flC	1
flF	2
flS	2
flT	1
fl^	1
fla	16
flb	3
flc	7
fld	13
fle	55
flf	19
flg	7
flh	1
fli	15
flk	1
fll	4
fln	2
flo	7
flr	3
fls	17
flt	6
flu	259
fly	3
fme	2
fne	2
foa	1
foe	17
foi	1
fol	1
fon	17
foo	4
for	171
fou	9
fpr	1
fqu	2
fra	6
fre	34
fri	5
fro	5
fru	15
fsa	3
fsc	58
fse	6
fsi	1
fsl	7
fsn	2
fso	1
fst	10
fsv	1
fsy	2
ft	91
ft^	1
fta	18
ftb	1
fte	716
ftg	3
fth	4
fti	24
ftl	1
ftn	1
fto	1
ftp	1
ftr	14
fts	1
ftó	1
fuc	1
fug	7
fui	1
fum	2
fun	1
fur	19
fus	10
fuy	8
fva	14
fvo	2
fwa	2
fwe	5
fwy	1
fyc	2
fyl	3
fyn	51
fys	2
fyt	35
fïs	1
fïu	1
g	1
g'a	10
g'e	8
g'i	16
g*o	1
gLs	1
gOQ	1
gUl	1
g[b	1
g^e	3
g^i	3
g^n	1
ga'	1
gaB	1
gaD	1
gaU	1
gaa	3
gab	5
gad	534
gae	375
gaf	53
gag	33
gai	2
gaj	2
gak	1
gal	250
gam	25
gan	588
gao	2
gap	16
gar	45
gas	206
gat	46
gau	15
gav	36
gay	5
gaz	1
gba	4
gbb	1
gbc	1
gbd	1
gbe	8
gbo	1
gbs	26
gbt	11
gbv	1
gca	66
gcc	1
gce	1
gch	1
gcl	2
gcm	2
gcn	3
gcr	1
gcs	2
gd)	1
gda	2
gde	7
gdi	2
gdu	1
ge-	1
geC	1
geK	1
geU	2
ge^	5
gea	272
geb	744
gec	771
ged	648
gee	1096
gef	30
geg	197
geh	434
gei	140
gej	15
gek	43
gel	2688
gem	1078
gen	5416
geo	113
gep	222
geq	69
ger	1320
ges	2437
get	335
geu	19
gev	1173
gew	826
gey	7
gez	1
geè	3
geé	30
geê	42
geë	17
geï	1
geö	3
geü	2
gfa	11
gfe	1
gfl	1
gfo	2
gft	1
gga	2
gge	363
ggi	54
ggr	1
gh.	1
gh;	1
ghA	1
gha	6
ghb	10
ghc	21
ghd	51
ghe	133
ghg	9
ghh	1
ghi	5
ghl	20
ghm	10
ghn	3
ghp	1
ghs	598
ght	225
ghu	1
ghv	7
ghy	73
gi'	1
gi*	2
giU	4
gia	46
gie	317
gif	11
gii	7
gil	121
gin	185
gio	1
gir	59
gis	42
git	11
giv	2
gja	2
gka	4
gke	1
gla	1
gle	6
gli	23
glo	6
gme	1
gmo	15
gna	4
gne	21
gni	7
gno	3
goB	1
go^	1
gob	6
god	79
goe	701
goi	1
gol	29
gom	59
gon	57
goo	4
gor	32
gos	2
got	78
gou	503
gow	1
goü	1
gpe	2
gpo	1
gpr	1
gqp	1
gqs	1
gra	95
gre	26
gri	12
gro	794
gru	1
gry	112
gsa	24
gse	1
gsi	2
gsj	2
gsk	1
gso	3
gst	11
gta	1
gte	13
gua	74
gue	19
gui	41
gul	60
gum	21
gun	72
gur	10
gus	74
gut	4
guu	1
guy	2
gwa	1
gy	2
gyn	7
gys	2
gèn	1
géb	2
géc	1
gél	1
gém	1
gén	1
gér	1
gés	1
gên	2
gër	1
göu	1
h	22
h'l	1
h'o	1
h'y	1
h*a	1
h.v	1
h;d	1
hAl	1
h^f	1
h^r	1
haS	1
haa	19
hab	16
hac	19
had	2122
hae	761
haf	20
hag	20
hah	3
hai	13
hak	3
hal	270
ham	108
han	684
hap	390
har	365
has	22
hat	19
hau	7
hav	40
hay	15
haz	1
haè	1
hba	7
hbe	1
hbl	1
hbo	2
hca	21
hcn	1
hct	1
hcu	1
hcy	2
hd)	1
hd>	2
hda	1
hde	85
hdi	1
hdr	2
hdu	5
he	1
heA	1
heU	2
hea	4
heb	1083
hec	25
hed	101
hee	1057
hef	7
heg	1
heh	1
hei	8
hel	160
hem	460
hen	548
heo	2
hep	159
her	416
hes	4
het	1332
heu	36
hev	26
hey	905
hge	23
hgh	1
hgi	1
hhe	4
hiH	1
hiU	1
hia	17
hib	3
hic	57
hid	3
hie	565
hii	1
hij	1
hil	95
him	7
hin	558
hio	18
hip	381
hir	6
his	2
hit	68
hiu	1
hiy	1
hiü	1
hke	1
hl)	1
hla	1
hle	32
hli	11
hlo	1
hls	1
hlu	3
hlw	2
hly	20
hma	8
hmd	1
hme	5
hmi	2
hmo	8
hna	2
hne	2
hng	1
hni	3
hnl	1
hnn	1
hno	2
hnt	1
hny	3
ho	1
hoU	3
hoa	2
hob	2
hoc	8
hod	97
hoe	488
hof	32
hog	13
hoi	5
hol	52
hom	33
hon	192
hoo	856
hop	24
hor	211
hos	24
hot	55
hou	808
hov	49
how	2
hoy	2
hoé	1
hpe	2
hpo	1
hra	6
hre	445
hri	137
hro	14
hrr	1
hru	1
hry	174
hrë	1
hs-	1
hsa	36
hsc	2
hsd	1
hse	7
hsg	4
hsi	25
hsj	2
hsk	1
hsl	14
hsm	13
hss	2
hst	134
hsv	8
hsw	1
hsy	1
htH	1
hta	15
htb	20
htd	1
hte	1402
htg	7
hth	3
hti	254
htl	2
htm	18
hto	1
htp	1
hts	45
htt	1
htv	9
hty	1
hté	1
huc	2
hue	4
hui	38
hul	153
hum	6
hun	831
huo	1
hup	1
hur	4
hut	64
huu	1
huw	5
huy	425
huï	2
hva	1
hve	1
hvo	2
hvu	10
hwe	1
hx)	1
hy	162
hyd	2
hye	124
hyg	2
hyl	9
hyn	197
hyr	1
hys	22
hyt	1
hyu	2
hèe	1
hén	3
hér	1
hét	1
hór	1
höu	1
i	29
i$^	1
i'^	1
i'a	1
i'c	3
i'd	3
i'e	3
i'i	1
i'o	4
i's	12
i'w	1
i)a	1
i)d	1
i)e	1
i)o	1
i)r	1
i)y	1
i*^	1
i*a	7
i*d	3
i*e	4
i*o	2
i*s	10
i*t	3
i*v	2
i*w	1
i-d	1
i-s	1
i.i	1
i5	1
i7s	1
i9	2
i<^	1
i>e	1
i?e	1
iBc	3
iBl	1
iBn	1
iBt	1
iDe	1
iDg	2
iDt	1
iEs	2
iFO	1
iHp	1
iLI	1
iMe	1
iMw	1
iNe	1
iO	2
iO:	1
iOS	1
iOs	1
iQc	1
iQo	1
iQs	2
iQu	1
iTO	1
iTb	1
iTd	2
iTe	2
iTh	1
iTi	2
iTk	2
iTy	1
iUa	1
iUe	6
iUi	5
iUo	1
iUs	1
iUy	1
iV	3
iVa	4
iVi	3
iVj	4
iVs	3
i\a	1
i]r	1
i^G	1
i^e	2
i^i	2
i^n	2
i^o	1
i^s	2
i^t	3
i^u	1
iab	2
iac	77
iad	11
iae	141
iaf	1
iag	3
iah	1
iai	1
iaj	2
iak	1
ial	71
iam	170
ian	79
iap	30
iar	25
ias	77
iat	20
iau	22
ib	1
iba	17
ibb	1
ibd	1
ibe	20
ibi	11
ibj	1
ibk	1
ibl	2
ibo	16
ibr	1
ibu	4
ibè	1
ica	88
icb	37
icd	1
ice	136
icf	2
ich	1520
ici	74
ick	701
icl	11
icm	1
icn	1
ico	308
icq	10
icr	5
ics	1
ict	94
icu	65
icx	4
icy	2
idL	1
idO	1
ida	14
idd	173
ide	306
idi	29
idj	58
idm	1
ido	79
idt	2
idy	5
ie	10
ieC	1
ieS	1
ieT	1
ieb	9
iec	102
ied	195
iee	127
ief	447
ieg	61
ieh	5
iei	13
iej	2
iek	2
iel	200
iem	91
ien	1506
ieo	5
iep	53
ier	1450
ies	128
iet	2013
ieu	176
iev	179
iey	6
ifa	2
ifd	1
ife	10
iff	32
ifg	3
ifh	1
ifi	48
ifk	2
ifl	15
ifs	5
ift	54
ifv	1
ig^	1
iga	32
igb	31
igc	1
igd	3
ige	1388
igf	3
igg	7
igh	640
igi	15
igm	1
ign	20
igo	72
igr	1
igt	3
igu	7
ihe	2
iho	4
ihp	1
ii	1
ii)	1
iiQ	1
iia	5
iib	1
iic	5
iid	5
iie	19
iif	1
iig	3
iii	8
iij	2
iil	7
iin	12
iio	3
iir	2
iis	6
iit	8
iiw	2
iiy	6
ijd	1
ije	1
ijn	2
ijs	2
ijt	1
iju	1
ik	1
ike	2
ikl	1
iko	2
il	1
ilH	1
ilI	1
ilK	1
ilU	1
il^	1
ila	24
ilb	2
ilc	1
ild	226
ile	83
ilh	44
ili	90
ilj	10
ill	470
ilo	14
ilp	2
ilr	1
ils	27
ilt	50
ilu	6
ilv	100
ily	5
ima	58
imb	76
imc	7
imd	2
ime	142
img	1
imi	11
iml	2
imm	98
imo	105
imp	36
ims	1
imt	1
imu	1
im|	1
in	2291
in(	1
in.	2
inR	1
in^	2
ina	260
inb	19
inc	1079
ind	829
ine	509
inf	32
ing	2426
inh	95
ini	41
inj	5
ink	3
inl	26
inm	5
inn	485
ino	14
inp	5
inq	14
inr	1
ins	283
int	635
inu	96
inv	22
inw	105
iny	2
io	3
ioa	1
iob	1
ioc	6
iod	4
ioe	32
iog	6
ioh	1
ioi	1
iol	2
iom	1
ion	159
ioo	7
ior	1
ios	4
iot	20
iou	14
iov	2
ioy	1
ipa	152
ipb	1
ipe	70
iph	91
ipi	8
ipl	5
ipo	10
ipp	68
ips	10
ipt	3
ipu	9
iq	1
iqu	8
iqw	1
ira	124
irc	22
ird	5
ire	133
irg	3
irh	1
iri	40
irj	50
irk	3
irm	43
iro	25
irr	3
irs	29
irt	1
iru	5
irw	1
iry	14
is	537
is-	1
isU	1
is^	1
isa	40
isb	2
isc	105
isd	18
ise	208
isf	7
isg	9
ish	4
isi	119
isk	1
isl	13
ism	3
isn	15
iso	81
isp	39
isq	1
isr	5
iss	581
ist	417
isu	1
isv	2
isw	1
isy	1
isz	13
itC	1
it^	1
ita	84
itc	9
ite	523
itg	6
ith	24
iti	153
itj	60
itl	11
itm	3
ito	39
itr	5
its	838
itt	384
itu	61
ity	5
iuc	9
iud	2
iue	4
iug	12
iuh	2
iui	1
ium	7
iun	1
iur	2
ius	28
iuu	3
iuy	10
iva	13
ive	550
ivi	134
ivo	16
ivr	22
ivy	2
iwa	2
iwe	1
iwo	18
iwp	1
iwr	1
ix)	1
ixa	8
ixb	2
ixe	1
ixi	1
iyc	14
iyd	1
iye	2
iyf	1
iyi	1
iyl	1
iym	1
iyn	14
iyr	3
iys	4
iyt	7
iyv	1
ize	1
i|)	1
ièr	3
ièt	1
ién	2
iér	1
iên	1
iël	1
iën	64
iër	1
iët	1
iïa	1
iïd	2
iïe	2
iïk	1
iïn	1
iïs	5
iü;	1
iüe	2
iüg	1
iüi	2
j	7
j)o	1
j7e	1
jAe	1
jKl	1
j^^	1
j^c	1
j^d	1
j^e	1
j^i	2
j^t	1
ja	4
jac	506
jad	2
jae	307
jag	15
jai	1
jak	1
jal	6
jam	3
jan	40
jao	1
jap	3
jar	176
jas	6
jat	1
jau	1
jck	1
jco	1
jda	1
jde	2
jeD	1
je^	1
jec	28
jee	3
jeg	314
jeh	1
jel	1
jem	2
jen	114
jer	41
jes	73
jet	2
jeu	1
jev	1
jew	1
jft	1
jge	2
jid	1
jie	2
jii	1
jil	2
jin	1
jir	9
jkr	1
jli	2
jng	1
jnn	1
jno	2
jnt	1
jo	1
joD	1
job	1
joc	7
joe	3
jon	422
joo	6
jor	7
jot	5
jou	19
jov	1
jpe	1
jpp	1
jrj	2
jsa	1
jse	2
jsr	1
jss	1
jte	1
jtf	1
jtt	3
jtv	1
jud	2
jue	1
jui	33
jun	4
jur	15
jus	8
juw	33
juy	28
jvr	1
jyc	1
k	6
k)O	1
k)c	1
k)g	1
k)m	9
k)n	5
k)o	4
k)q	1
k)r	1
k>g	1
k>m	1
k>n	2
kKe	1
k^A	1
k^n	1
k^r	1
kac	1
kae	4
kag	63
kah	1
kal	2
kan	29
kap	2
kar	4
kas	5
kat	1
kau	1
kay	5
kba	20
kbe	5
kbo	3
kbu	1
kby	1
kcn	4
kcr	2
kde	1
kdi	1
kdo	5
keD	3
keK	1
keU	1
keb	7
ked	8
kee	80
kef	1
keh	1
kei	2
kek	3
kel	241
kem	15
ken	2992
kep	4
ker	761
kes	5
ket	30
keu	15
kev	2
key	4
kga	1
kge	2
kgi	1
kgo	1
kgr	1
kha	3
khe	39
kho	14
khu	41
kia	40
kic	2
kie	36
kig	11
kim	1
kin	120
kip	1
kir	2
kis	50
kit	6
kja	3
kje	35
kke	14
kla	2
kle	15
klo	1
klu	2
kly	22
kma	19
kmo	8
kna	1
knd	1
kne	6
knn	1
kno	2
knu	1
koa	1
koe	18
kol	3
kom	5
kon	2
koo	14
kop	2
kos	2
kot	1
koy	2
kpa	1
kpo	2
kq	1
kra	2
kre	2
kri	20
kro	1
kry	14
ksa	10
ksc	2
ksd	3
kse	30
ksi	11
ksk	5
ksl	1
ksp	1
ksr	8
kst	14
kte	120
ktg	1
kto	1
kty	1
kul	3
kum	5
kun	2
kus	1
kuy	3
kva	2
kvi	1
kwa	2
kwe	23
kwi	1
kwy	3
kxh	1
kxk	3
kxs	1
kxt	1
kya	5
kyc	8
kyn	12
kza	4
kze	1
kèn	1
kél	2
kén	1
l	10
l'/	3
l'J	2
l'c	1
l's	1
l)O	1
l)a	1
l)e	23
l)l	1
l)o	10
l*o	1
l*s	1
l-b	1
l-i	1
l.i	1
l36	1
l>e	2
l>h	1
l>o	2
lBc	1
lCO	1
lFd	1
lHo	1
lIa	2
lIe	1
lK)	2
lKM	1
lKo	1
lMr	1
lO	2
lOO	3
lOc	1
lOi	1
lOs	1
lSn	2
lTb	1
lTs	1
lTu	1
lUm	1
lUo	1
lVe	1
lYj	1
lYï	1
l\V	1
l^'	1
l^a	2
l^c	1
l^d	1
l^e	2
l^i	3
l^r	1
l^s	3
l^t	1
l^y	1
la	1
laQ	1
laa	7
lab	16
lac	452
lad	493
lae	818
laf	1
lag	263
lah	77
lai	7
lak	21
lal	11
lam	166
lan	1807
lao	5
lap	38
lar	86
las	544
lat	327
lau	38
lav	112
law	5
lax	25
lay	11
lba	4
lbe	7
lbo	4
lbr	16
lbu	5
lc^	1
lca	39
lcb	1
lce	4
lcf	1
lcg	1
lch	109
lci	3
lck	845
lcl	3
lcm	3
lcn	3
lco	39
lcq	16
lct	2
lcu	16
lcv	1
lcx	382
lcy	2
ld'	1
ld^	1
lda	830
ldc	1
lde	589
ldi	145
ldo	61
ldp	5
ldr	2
ldt	5
ldu	6
ldw	1
ldy	2
le'	1
le<	1
leH	1
leJ	1
le^	2
lea	10
leb	57
lec	130
led	178
lee	1289
lef	1
leg	536
leh	3
lei	9
lek	20
lel	55
lem	162
len	2670
lep	10
ler	125
les	241
let	66
leu	52
lev	318
lew	2
lex	7
ley	660
lez	1
leé	1
leï	1
lfG	1
lfa	7
lfb	1
lfe	6
lff	178
lfg	1
lfi	13
lfl	9
lfo	3
lfs	8
lft	21
lfu	8
lfy	1
lfï	1
lga	5
lgb	2
lge	472
lgh	42
lgi	2
lgo	3
lgt	1
lgu	1
lh'	1
lh*	1
lha	59
lhe	28
lhi	94
lhj	1
lho	91
lhu	14
lhy	2
li	2
li'	1
li.	1
liD	1
liO	1
lia	179
lib	10
lic	290
lid	9
lie	684
lif	26
lig	105
lii	6
lil	13
lim	119
lin	265
lio	169
lip	191
liq	1
lir	3
lis	76
lit	56
liu	6
liv	4
liw	12
lix	2
liy	2
lië	3
liï	1
lja	1
lje	5
ljn	1
ljo	13
ljt	1
lka	2
lke	11
lki	1
ll	2
llT	1
ll^	1
lla	256
llb	1
llc	1
lle	1906
llh	2
lli	322
llj	6
lll	2
llm	1
llo	111
llp	2
llr	2
lls	4
llu	13
llw	1
lly	20
ll«	1
lma	56
lmd	1
lme	18
lmg	1
lmi	2
lmn	1
lmo	16
lms	4
lmt	1
lmy	1
lna	14
lnd	2
lne	2
lng	1
lnn	1
lno	4
lo^	1
loa	53
lob	6
loc	101
lod	2
loe	108
lof	81
log	167
loi	12
lok	1
lol	18
lom	60
lon	224
loo	536
lop	28
lor	27
los	65
lot	74
lou	150
lov	21
low	2
loy	24
loü	1
lpa	13
lpe	168
lph	24
lpi	2
lpk	1
lpl	3
lpm	1
lpo	3
lps	8
lpt	1
lqk	1
lqu	1
lra	24
lre	53
lri	3
lrm	1
lro	29
lru	1
lry	1
lsa	9
lsb	1
lsc	90
lsd	65
lse	184
lsg	5
lsh	5
lsi	15
lsj	2
lsk	1
lsl	9
lsm	55
lsn	27
lso	345
lsp	2
lss	5
lst	49
lsu	9
lsv	6
lsw	17
lsx	1
lsy	1
lsz	2
lta	49
ltb	1
ltd	1
lte	637
ltg	3
lth	7
lti	39
ltj	6
ltm	1
lto	30
ltp	3
ltr	12
lts	23
ltt	3
ltu	6
ltw	2
lty	73
lua	4
lub	1
luc	213
lud	2
lue	10
lug	12
lui	11
lul	1
lum	22
lun	7
luo	1
lus	55
lut	44
luu	1
luw	19
lux	1
luy	583
lv^	1
lva	15
lvc	1
lve	1699
lvi	21
lvl	1
lvo	35
lvr	11
lvs	1
lvv	1
lvé	1
lw^	1
lwa	51
lwb	1
lwe	27
lwi	3
lwn	2
lwo	6
lwu	3
lwy	1
lxw	1
ly	4
ly-	1
lyb	2
lyc	2341
lyd	46
lye	42
lyf	48
lyi	3
lyk	8
lyl	4
lym	1
lyn	34
lyo	2
lyp	1
lys	12
lyt	47
lyu	1
lyv	165
lyw	40
lyx	1
l|(	1
l|)	1
l}e	2
l«"	1
l»e	1
lË	1
lÓO	1
lèe	1
léy	1
ló	1
löO	1
m	15
m'g	2
m't	1
m)s	1
m-L	1
m;m	1
mEi	1
mQn	1
m^i	1
m^n	1
m^s	1
m^t	2
ma(	1
maa	8
mab	6
mac	403
mad	44
mae	1675
mag	32
mah	6
mai	22
maj	7
mak	97
mal	177
mam	38
man	1964
mao	1
map	1
mar	79
mas	93
mat	153
mau	9
maw	1
max	4
may	90
maé	1
maê	1
maï	1
mba	236
mbd	1
mbe	236
mbi	6
mbj	9
mbl	5
mbn	1
mbo	370
mbr	16
mbt	1
mbu	14
mby	86
mbé	1
mbó	1
mca	6
mce	1
mch	2
mck	3
mcl	1
mcn	1
mcr	1
mcs	1
mcx	2
mda	28
mdd	1
mde	139
mdg	1
mdi	5
mdt	3
me	2
meD	5
meH	1
meW	1
me^	1
mea	5
meb	1
mec	1
med	407
mee	1466
meg	2
meh	1
mei	69
mej	2
mek	4
mel	816
mem	23
men	2920
meo	4
mer	251
mes	47
met	3993
meu	22
mev	2
mew	1
mey	18
meü	1
mfa	1
mfe	2
mga	4
mge	13
mgg	1
mgh	2
mgi	1
mhe	26
mhi	1
mho	9
mhy	1
mi$	1
mia	11
mic	4
mid	149
mie	13
mig	14
mii	3
mil	31
min	239
mio	2
mir	34
mis	330
mit	864
miu	2
miy	1
miü	1
mjA	1
mje	1
mjl	1
mke	6
ml)	5
ml>	1
mla	2
mle	21
mli	3
mll	1
mlm	2
mlo	1
mlt	3
mlw	1
mly	1
mma	286
mme	671
mmi	217
mml	1
mmo	35
mmu	17
mmy	2
mne	10
mng	1
mni	22
mnn	1
mno	1
mnt	1
mny	1
moD	1
moQ	1
moa	2
moc	300
mod	35
moe	396
mog	227
mol	16
mom	5
mon	243
moo	30
mor	92
mos	153
mot	18
mou	97
mov	6
moz	3
moü	1
mpS	3
mp^	3
mpa	107
mpb	3
mpe	103
mph	29
mpi	10
mpj	2
mpl	46
mpn	1
mpo	118
mpp	1
mpr	1
mps	55
mpt	107
mra	9
mri	2
mrn	1
mro	35
ms-	1
msc	5
mse	40
msf	1
msi	45
msk	12
msl	8
mss	1
mst	126
msu	8
msz	15
mt6	1
mtP	1
mta	2
mte	21
mth	3
mti	1
mto	1
mtr	45
mtt	2
mty	8
mud	1
mue	6
mul	1
mun	58
mur	2
mus	74
mut	10
muy	23
mve	2
mvi	1
mvl	1
mvo	1
mwa	1
mwe	3
mwi	3
mwy	3
my	221
myl	40
myn	269
myo	1
myt	6
myu	1
myw	2
m|H	1
m|K	1
mél	1
mét	5
n	2
n"p	1
n#e	1
n'b	1
n'd	1
n'e	1
n's	1
n't	4
n(s	1
n*p	1
n-d	1
n-e	2
n-o	1
n-v	1
n.c	1
n.d	1
n28	1
n;b	1
n;d	1
n>e	1
nBr	1
nDo	1
nDu	1
nE.	1
nEd	1
nHa	1
nIw	2
nJe	2
nJp	1
nJs	1
nK)	1
nKe	1
nLs	1
nMa	1
nOn	1
nRa	2
nSa	1
nTe	1
nTh	1
nUm	1
n]p	1
n^S	1
n^a	2
n^d	1
n^e	4
n^g	1
n^l	1
n^m	1
n^n	1
n^o	1
n^t	2
n^y	1
na	8
naG	1
nab	4
nac	222
nad	129
nae	2753
naf	1
nag	126
nah	12
nai	9
nak	2
nal	27
nam	312
nan	150
nao	3
nap	9
nar	76
nas	40
nat	169
nau	42
nav	46
naw	2
nay	2
naé	2
nba	31
nbe	67
nbi	5
nbl	2
nbm	1
nbn	1
nbo	34
nbr	19
nbu	23
nby	1
nbü	2
nca	73
ncb	2
ncc	1
nce	144
ncg	2
nch	19
nci	88
nck	1554
ncl	9
ncn	3
nco	211
ncp	1
ncq	65
ncr	5
ncs	15
nct	44
ncu	4
ncx	85
nd'	3
nd*	1
ndC	1
ndS	1
ndT	1
nd^	1
nda	199
ndb	1
ndc	16
ndd	2
nde	19828
ndg	1
ndh	12
ndi	499
ndj	22
ndk	1
ndl	10
ndm	2
ndn	1
ndo	123
ndq	1
ndr	162
nds	2
ndt	352
ndu	14
ndw	1
ndy	9
ndè	1
ndé	6
ndë	7
ne'	1
ne6	1
ne;	1
neU	1
ne^	1
nea	8
neb	3
nec	11
ned	44
nee	706
nef	109
neg	294
neh	2
nei	8
nek	50
nel	116
nem	270
nen	2145
neo	13
nep	16
ner	515
nes	248
net	10
neu	581
nev	172
new	6
ney	19
nez	3
nfa	1
nfd	1
nfe	14
nfi	9
nfl	3
nfo	38
nfr	1
nfs	1
nfu	2
nfy	2
ngO	1
ng[	1
nga	582
ngb	98
ngc	70
ngd	3
nge	3191
ngf	5
ngg	2
ngh	1944
ngi	115
ngj	11
ngk	4
ngl	24
ngn	1
ngo	30
ngp	1
ngr	7
ngs	53
ngt	13
ngu	19
ngy	4
ngè	1
ngé	1
ngê	2
nha	45
nhe	33
nhi	1
nho	103
nhu	6
ni8	1
ni^	1
nia	24
nib	8
nic	454
nid	4
nie	2036
nif	2
nig	1175
nih	4
nii	13
nij	1
nil	41
nim	29
nin	1088
nio	62
nip	35
niq	1
nir	4
nis	186
nit	41
niu	21
niv	7
niw	6
niy	17
niè	1
nié	1
nië	1
nj^	1
nja	17
nje	35
njo	4
nju	30
nk)	1
nka	1
nke	11
nki	5
nkr	1
nky	4
nla	33
nlb	2
nld	4
nle	25
nlf	3
nlh	19
nli	45
nll	9
nlo	26
nlp	1
nlr	8
nls	24
nlt	2
nlu	36
nlv	2
nlw	6
nly	73
nmE	1
nma	34
nmc	4
nmd	1
nme	5
nmi	12
nmo	7
nmy	1
nna	128
nnc	1
nnd	2
nne	1490
nni	132
nnn	2
nno	26
nnp	1
nns	1
nnt	2
nnu	7
nnü	1
noa	22
noc	647
nod	24
noe	133
nof	10
nog	3
noh	1
noi	3
nol	2
nom	225
non	60
noo	293
nop	8
nor	12
nos	7
not	34
nou	105
nov	12
now	1
noy	45
noü	1
npa	4
npc	1
npe	3
nph	1
npl	12
npo	4
npr	1
npt	1
nqu	41
nra	7
nrc	1
nre	21
nrg	1
nri	11
nro	2
nru	34
nry	3
ns(	1
ns^	1
nsa	12
nsb	14
nsc	464
nsd	13
nse	1253
nsf	2
nsg	44
nsh	3
nsi	182
nsj	11
nsk	1
nsl	48
nsm	5
nso	43
nsp	38
nss	5
nst	476
nsu	19
nsv	1
nsw	3
nsy	2
nsz	31
nt'	1
nt)	1
nt-	3
nta	682
ntb	89
ntc	20
ntd	13
nte	873
ntf	74
ntg	29
nth	346
nti	850
ntj	39
ntk	3
ntl	138
ntm	16
ntn	3
nto	120
ntp	3
ntr	552
nts	637
ntt	4
ntu	6
ntv	42
ntw	205
nty	12
ntz	1
nté	1
nu	94
nuU	1
nua	66
nue	98
nuf	6
nul	1
num	29
nun	10
nuo	1
nur	1
nus	22
nut	7
nuu	1
nuy	21
nv^	3
nva	35
nve	106
nvi	6
nvl	3
nvo	85
nvr	8
nvy	2
nwa	40
nwb	1
nwe	46
nwi	18
nwo	174
nws	1
nwy	1
ny^	1
nyd	20
nye	1
nyg	2
nyn	9
nyo	2
nys	48
nyt	10
nza	1
nze	1
née	2
nég	1
ném	1
nén	1
nïe	2
nïï	1
nóo	1
nüi	1
nüy	1
o	4
o#Ü	1
o'd	1
o8t	1
o;d	1
o<5	1
oAy	1
oBg	1
oCo	1
oDc	1
oDd	2
oDi	2
oDs	3
oDt	2
oDy	1
oDÜ	1
oJQ	1
oKe	1
oMa	1
oMu	1
oNo	1
oQS	1
oSd	2
oUa	35
oUe	15
oUi	3
oUn	1
oUo	4
o^c	1
o^d	1
o^e	2
o^n	1
oac	2
oad	4
oae	2
oal	3
oan	43
oar	16
oas	23
oav	1
oba	16
obb	8
obc	2
obd	1
obe	136
obh	1
obi	1
obj	1
obl	20
obo	25
obr	1
obs	17
obt	12
obu	3
oby	19
ocT	1
oca	12
ocb	45
occ	25
oce	43
ocf	1
ocg	2
och	2053
oci	3
ock	1144
ocl	5
ocn	1
oco	6
ocq	37
ocr	3
oct	5
ocu	54
odT	1
odU	1
od^	1
oda	441
odc	3
odd	9
ode	377
odg	1
odi	96
odj	23
odl	17
odo	5
odr	8
ods	3
odt	105
odu	1
ody	2
oe-	1
oeD	1
oeU	1
oeb	36
oec	468
oed	676
oee	7
oef	28
oeg	281
oeh	15
oei	15
oej	1
oek	12
oel	214
oem	118
oen	1042
oep	32
oeq	3
oer	593
oes	189
oet	632
oeu	4
oev	52
oew	73
oey	94
of	3
ofB	3
ofF	1
ofQ	1
ofb	1
ofd	6
ofe	5
off	508
ofh	1
ofi	14
ofl	45
ofm	1
ofs	2
oft	769
ofy	1
oga	4
ogb	3
oge	416
ogf	2
ogg	6
ogh	168
ogi	52
ogl	2
ogn	3
ogo	18
ogr	2
ogs	1
ogu	2
ogy	3
oha	15
ohe	2
ohi	1
ohn	1
oho	128
oht	1
oi'	1
oi*	1
oi-	1
oiN	1
oiQ	1
oiT	1
oiU	1
oi^	2
oia	1
oic	32
oie	7
oif	3
oig	3
oih	1
oii	9
oik	1
oil	8
oim	1
oin	111
oio	2
oip	1
oir	120
ois	25
oit	3
oiu	1
oiy	2
oi|	1
oiï	2
ojK	1
oja	5
oje	15
ojf	1
oji	1
ojr	1
ojs	1
oke	16
okj	4
okk	1
okr	1
ol	1
olF	1
olI	1
olT	1
ola	46
olb	12
olc	370
old	309
ole	158
olf	2
olg	484
olh	4
oli	107
olj	2
olk	3
oll	269
olm	8
olo	78
olp	38
ols	31
olt	39
olu	115
olv	95
olw	18
oly	41
ol|	1
om	1046
om'	1
omH	1
omQ	1
om^	1
oma	115
omb	107
omc	1
omd	36
ome	1659
omg	10
omh	4
omi	45
omj	1
omk	4
oml	23
omm	995
omn	13
omo	9
omp	923
omr	6
oms	69
omt	232
omv	3
omw	6
omy	44
omé	2
on	1
on-	2
onD	1
onJ	1
on]	1
ona	42
onb	59
onc	446
ond	2800
one	319
onf	36
ong	622
onh	14
oni	1005
onj	6
onk	7
onl	86
onm	20
onn	541
ono	34
onp	7
onq	14
onr	21
ons	1144
ont	1898
onu	7
onv	133
onw	22
ony	23
onï	1
oo'	1
ooA	2
ooS	2
ooU	1
ooa	3
oob	1
ooc	999
ood	500
ooe	2
oof	222
oog	153
ooh	1
ooi	24
ooj	2
ook	6
ool	75
oom	165
oon	617
ooo	2
oop	1104
oor	5537
oos	158
oot	1255
oou	5
oov	104
oow	5
ooy	3
ooz	1
oo|	1
op	1754
op'	5
op.	1
opH	1
opQ	1
opW	1
opa	19
opb	21
opc	22
opd	80
ope	464
opf	2
opg	151
oph	179
opi	48
opj	7
opk	5
opl	123
opm	506
opn	2
opo	7
opp	372
opr	51
ops	57
opt	155
opu	3
opv	4
opw	9
opy	2
opü	1
oqu	1
or'	2
or*	1
orC	1
orL	7
orU	1
or^	1
ora	205
orb	27
orc	135
ord	1335
ore	307
orf	1
org	341
orh	20
ori	155
orj	20
ork	3
orl	449
orm	111
orn	306
oro	78
orp	118
orr	141
ors	1285
ort	1302
oru	8
orv	52
orw	13
ory	24
osa	20
osc	30
osd	2
ose	108
osg	1
osh	7
osi	37
osj	3
osk	1
osl	23
osp	4
oss	96
ost	486
osw	5
osy	5
ot$	1
ot^	1
ota	14
otc	14
otd	4
ote	796
otg	19
oth	19
oti	92
otj	14
otl	9
otm	9
otn	2
oto	3
ots	103
ott	110
otu	2
otv	9
otw	29
oty	5
ouD	1
ouJ	1
oua	115
oub	51
ouc	269
oud	2172
oue	9
ouf	4
oug	38
ouh	90
oui	11
ouk	6
oul	126
oum	16
oun	27
ouo	1
oup	73
our	402
ous	136
out	649
ouu	1
ouv	625
ouw	434
ouy	5
ova	5
ove	1637
ovi	94
ovo	15
ovv	1
owa	7
owe	5
owo	2
oy	1
oya	104
oyb	1
oyd	5
oye	51
oyg	1
oyi	2
oyl	2
oyn	3
oyo	3
oys	8
oyt	72
oze	1
ozp	1
ozy	2
o|)	1
oËi	1
oÜe	1
oèn	2
oón	1
oór	1
oör	1
oüa	1
oüc	2
oüd	2
oüi	1
oüs	1
oüw	1
p	168
p't	5
p.l	1
pV	1
pWa	1
p^.	1
p^r	1
p^s	1
p^t	1
pa	1
pab	1
pac	193
pad	90
pae	168
pag	90
pah	9
pai	3
pal	62
pam	5
pan	564
pap	24
par	780
pas	215
pat	214
pau	3
pay	8
pba	1
pbe	8
pbi	1
pbo	4
pbr	11
pbt	1
pch	3
pcl	2
pcn	1
pco	20
pcp	1
pcr	2
pda	52
pde	38
pdi	1
pdr	2
peU	1
pea	1
peb	1
pec	139
ped	26
pee	101
pef	1
peg	1
peh	1
pei	3
pek	4
pel	126
pen	1501
peo	1
pep	259
per	1063
pes	49
pet	94
peu	18
pey	1
pf	1
pfa	1
pff	1
pfr	1
pga	3
pge	147
pgh	1
pgo	1
pgr	1
pha	107
phc	1
phe	212
phi	16
pho	12
phu	3
phy	20
pi	10
pi<	1
piB	1
pia	41
pic	258
pid	1
pie	76
pig	4
pii	1
pik	2
pil	23
pim	1
pin	32
pio	4
pip	2
pir	11
pis	23
pit	314
pië	1
pje	6
pji	1
pke	24
pla	388
plc	1
ple	66
pli	40
plo	31
plu	132
ply	2
pma	509
pme	2
pmi	1
pmm	1
pmn	1
pmp	1
pnd	1
pne	1
png	2
pni	1
pnn	2
pno	1
po8	1
po;	1
pob	1
poc	4
pod	1
poe	70
pof	1
poi	15
pol	9
pom	2
pon	81
poo	12
por	171
pos	77
pot	44
pou	106
pov	1
pow	1
poy	1
pp	1
ppa	106
ppc	1
ppd	1
ppe	747
ppi	6
ppl	18
ppn	1
ppo	56
ppr	24
ppu	13
pr	1
pra	201
pre	511
pri	201
pro	350
prs	2
pru	5
pry	153
pró	1
prö	1
ps/	1
psa	11
psb	2
psc	3
pse	5
psi	9
psk	23
psl	12
psm	1
psn	1
pso	7
psp	1
psr	10
pst	59
psv	1
pta	7
pte	119
pth	2
pti	8
pto	65
ptr	5
pts	4
ptu	21
pty	1
ptó	1
pub	12
pui	1
pul	14
pun	31
pup	1
pur	8
pus	15
put	24
puy	5
pva	2
pvi	1
pvo	2
pwa	3
pwe	6
pyc	11
pye	1
pyl	4
pyn	2
pyp	3
pys	8
pyt	2
pér	1
póu	1
pös	1
püi	1
q	1
qIs	1
qae	1
qal	1
qde	1
qec	1
qib	1
qii	2
qja	1
qlc	1
qld	1
qll	1
qmi	1
qmm	1
qna	2
qpr	1
qqa	1
qso	1
qua	658
que	289
qui	105
qun	1
quo	2
qup	1
qus	1
quy	16
qu»	1
qwo	1
qya	1
qüe	2
r	35
r'e	1
r't	2
r*u	1
r-G	9
r-a	1
r-g	1
r-t	1
r;d	1
rAe	1
rCo	1
rGe	1
rHv	1
rLs	1
rPa	1
rPe	1
rQl	1
rU.	1
rUw	1
rUy	1
r\a	1
r^'	1
r^e	1
r^h	1
r^i	1
r^l	1
r^s	1
r^t	1
raD	1
raa	18
rab	72
rac	719
rad	200
rae	950
raf	84
rag	295
rah	32
rai	7
raj	1
rak	23
ral	56
ram	139
ran	773
rao	24
rap	131
rar	80
ras	145
rat	181
rau	104
rav	31
raw	2
rax	2
ray	44
raë	1
raü	1
rba	37
rbe	70
rbi	47
rbl	38
rbo	86
rbr	53
rbu	7
rby	56
rca	16
rcb	5
rcc	3
rcd	1
rce	75
rch	94
rci	15
rcj	1
rck	548
rcl	67
rcn	5
rco	441
rcq	3
rcr	27
rcs	1
rct	4
rcu	17
rcx	3
rcé	1
rd^	1
rda	116
rdb	1
rdc	3
rde	2568
rdi	275
rdj	1
rdl	3
rdo	170
rdr	217
rdt	51
rdu	5
rdw	2
rdy	76
re	1
re(	1
re.	1
re<	1
reD	2
reO	1
reS	1
reU	1
re\	1
rea	732
reb	131
rec	943
red	294
ree	1165
ref	75
reg	211
reh	13
rei	7
rej	3
rek	54
rel	100
rem	69
ren	5434
reo	7
rep	81
req	29
rer	55
res	901
ret	164
reu	73
rev	506
rew	27
rex	3
rey	213
reê	1
reó	1
reü	1
rf	6
rfa	1
rfe	6
rff	18
rfi	8
rfj	1
rfl	4
rfo	3
rft	4
rfy	1
rga	259
rgb	2
rgc	1
rgd	1
rge	622
rgh	43
rgi	14
rgn	1
rgo	15
rgr	17
rgt	1
rgu	34
rgy	6
rha	246
rhc	1
rhe	122
rhi	12
rhm	1
rhn	2
rho	170
rhs	1
rhu	7
rhy	1
ri)	2
ri?	1
riM	1
riQ	1
ri^	2
ria	136
rib	10
ric	260
rid	7
rie	726
rif	55
rig	134
rii	3
rik	3
ril	81
rim	57
rin	682
rio	21
rip	5
riq	1
rir	1
ris	334
rit	96
riu	8
riv	437
rix	8
riy	2
riè	3
rié	1
rja	14
rjo	1
rjv	1
rk)	1
rk>	1
rka	2
rke	42
rki	2
rkl	1
rko	2
rku	1
rky	1
rl.	1
rlK	1
rla	426
rlc	1
rle	355
rlh	14
rli	112
rlj	1
rlm	1
rlo	308
rlr	41
rls	24
rlt	1
rlu	60
rlv	1
rlw	1
rly	308
rma	278
rmd	2
rme	306
rmh	3
rmi	250
rml	3
rmm	1
rmo	94
rmt	3
rmu	10
rmw	3
rmy	3
rna	195
rnb	1
rnd	3
rne	838
rnf	2
rni	70
rnm	1
rno	104
rnp	2
rnr	2
rns	28
rnt	1
rnu	1
rnw	1
rny	4
rné	1
roU	2
roa	5
rob	52
roc	321
rod	43
roe	306
rof	91
rog	21
roh	1
roi	10
roj	15
rok	9
rol	66
rom	362
ron	265
roo	1053
rop	239
ror	9
ros	64
rot	63
rou	379
rov	302
roy	28
roü	1
rpa	14
rpe	110
rpi	1
rpl	12
rpo	17
rpr	3
rps	7
rpt	1
rpu	7
rpv	1
rpy	1
rqm	1
rqu	17
rra	149
rre	364
rrh	1
rri	430
rro	29
rrt	1
rru	6
rrv	1
rry	3
rré	1
rs*	1
rs-	1
rs^	1
rsa	190
rsb	1
rsc	814
rsd	4
rse	418
rsh	6
rsi	256
rsl	82
rsm	8
rsn	11
rso	719
rsp	25
rss	6
rst	662
rsu	17
rsw	18
rsy	10
rsz	13
rsé	1
rt^	1
rta	60
rtb	15
rtc	2
rtd	1
rte	455
rtf	1
rtg	16
rth	296
rti	241
rtj	18
rtl	1
rtm	1
rtn	6
rto	178
rtp	2
rtr	690
rts	485
rtt	6
rtu	541
rtv	3
rtw	5
rty	275
rtz	2
rtê	1
rua	55
rub	1
ruc	118
rue	32
ruf	4
rug	79
rui	10
rum	11
run	167
ruo	2
rup	4
rur	6
rus	96
ruv	1
ruw	2
ruy	334
ruz	5
ruï	1
rv^	3
rva	278
rve	127
rvi	9
rvl	15
rvo	126
rvr	11
rvu	9
rw.	1
rwa	452
rwe	74
rwi	35
rwo	55
rwr	1
rwt	2
rwy	25
rxk	1
ry	1
ry'	1
rya	4
ryb	3
ryc	186
ryd	26
rye	231
ryf	27
ryg	81
ryh	19
ryi	3
ryl	3
rym	5
ryn	35
ryp	43
rys	673
ryt	6
ryv	162
ryw	7
ryy	1
rzo	1
rÉa	1
rèm	1
rès	1
ré&	1
rén	2
rës	1
rëv	1
róc	1
rón	2
röc	1
rüi	1
s	1
s$a	1
s'C	2
s'a	1
s'u	1
s(N	1
s(^	1
s*o	1
s-b	1
s-n	1
s-o	1
s-s	1
s-t	3
s-v	2
s.C	1
s/'	1
s;d	1
sCo	1
sMi	1
sSW	1
sUa	1
sUe	1
sUv	2
s[o	1
s^d	2
s^e	2
s^g	1
s^h	1
s^i	1
s^l	1
s^s	1
s^t	1
sa<	1
sab	35
sac	88
sad	107
sae	369
saf	3
sag	60
sah	30
sai	16
sak	133
sal	519
sam	213
san	189
sap	17
saq	1
sar	346
sat	63
sau	6
sav	13
saw	2
say	14
sa£	1
saé	1
sba	4
sbe	3
sbl	1
sbn	1
sbo	5
sbr	2
sbu	13
sbv	1
sby	1
sc&	1
sc^	1
sca	66
scb	106
sce	15
scf	3
sch	4242
sci	3
scl	22
scn	1
sco	68
scr	41
scu	11
scy	2
sd'	1
sda	71
sde	14
sdi	28
sdj	1
sdo	16
sdv	4
se	1
seC	1
seU	2
seW	4
sea	4
seb	15
sec	140
sed	62
see	859
seg	243
seh	9
sei	4
sej	2
sek	31
sel	1669
sem	27
sen	2821
seo	2
sep	9
seq	11
ser	501
ses	75
set	217
seu	22
sev	19
sew	5
sey	324
sez	1
sfa	7
sfc	1
sfe	1
sfl	1
sfo	1
sfu	1
sgL	1
sga	484
sge	72
sgr	5
sgu	1
sh'	1
sha	23
she	28
shi	1
sho	16
shu	3
siU	1
sia	162
sib	4
sic	321
sid	294
sie	652
sif	4
sig	15
sii	2
sik	1
sil	120
sim	11
sin	276
sio	24
sip	2
sir	18
sis	143
sit	96
siu	3
siv	130
siw	1
six	1
siy	1
siü	1
sja	15
sje	19
sjn	1
sjo	16
sjt	1
skc	1
ske	60
ski	1
skn	1
sl)	1
sl-	1
sla	464
slc	6
sld	3
sle	201
slh	1
sli	30
slj	3
slo	128
slr	9
slu	56
slx	7
sly	3
sma	68
smc	1
sme	75
smg	1
smi	2
smo	3
smt	1
smu	6
smy	4
sna	5
snd	1
sne	18
sni	6
snl	1
sno	44
sns	1
snu	31
sny	17
so5	1
soD	3
soM	1
soU	6
so^	1
soa	8
sob	54
soc	202
sod	9
soe	541
sof	2
soh	3
soi	6
sol	386
som	154
son	972
soo	2107
sop	3
sor	113
sos	4
sot	2
sou	1642
sov	1
soè	1
soó	1
soü	2
sp	12
spa	63
spc	1
spd	3
spe	238
spi	58
spl	5
spm	2
spo	109
spr	124
spt	1
spu	3
spy	19
sqe	1
squ	42
sqü	2
sra	13
sre	6
srh	1
sri	2
srj	2
sru	10
sry	5
ssL	1
ssU	1
ssa	557
ssc	196
sse	736
ssi	486
ssj	12
ssl	1
ssm	2
sso	51
sss	1
sst	3
ssu	12
ssy	2
ssé	23
st(	1
st-	6
st.	1
stU	1
st^	1
sta	1138
stb	6
stc	63
std	43
ste	2972
stg	7
sth	23
sti	374
stj	23
stl	4
stm	3
stn	2
sto	440
stp	1
str	344
sts	14
stt	2
stu	303
stv	2
stw	14
stx	165
sty	42
stz	2
sté	2
suH	2
suI	1
suK	1
suU	4
su\	1
sua	2
sub	39
suc	47
suf	3
sui	24
suk	1
sul	724
sum	21
sun	6
sup	31
sur	21
sus	48
sut	1
suy	198
sv^	2
svd	1
sve	11
svi	3
svn	1
svo	17
svr	14
svt	1
svy	1
swa	271
swe	16
swi	6
swo	9
swr	1
swy	16
sy	281
syD	1
syJ	1
syd	149
sye	7
syf	1
syl	24
syn	2611
syo	2
syt	12
syu	3
syü	1
sze	7
sèl	1
sél	2
sén	2
sêr	1
sïe	1
sóu	1
t	44
t$u	1
t&ü	1
t'	174
t'a	2
t'g	1
t'h	1
t'r	1
t'v	1
t(^	1
t))	1
t)ê	1
t*a	2
t*d	1
t*e	1
t*o	1
t*s	1
t*z	1
t-G	2
t-I	5
t-b	1
t-l	1
t-m	1
t-p	1
t-r	1
t.u	1
t.w	1
t6u	1
t8e	1
t<e	1
tCa	2
tCo	2
tHe	1
tPa	1
tTh	1
tUi	1
tUw	1
tVe	1
t^c	1
t^d	1
t^m	2
t^r	1
t^s	2
t^v	1
ta	1
ta^	1
taa	10
tab	9
tac	75
tad	220
tae	803
taf	4
tag	24
tah	1
tai	54
tak	7
tal	220
tam	323
tan	754
tao	1
tap	106
tar	76
tas	70
tat	74
tau	5
tav	166
taw	3
tax	21
tay	62
taé	1
tb	2
tbM	1
tba	20
tbe	25
tbi	17
tbl	4
tbo	54
tbr	17
tbu	11
tby	6
tcT	1
tca	15
tcb	4
tcg	1
tch	204
tck	1
tcl	6
tcm	1
tcn	3
tco	30
tcr	2
tcu	45
tcy	1
td'	1
tda	46
tde	22
tdo	3
tdr	43
tdu	7
tdy	1
te	4360
te'	5
te*	1
teD	1
teU	1
te^	1
tea	2
teb	2
tec	11
ted	32
tee	879
tef	1
teg	302
teh	1
tei	10
tej	1
tek	25
tel	782
tem	172
ten	5188
teo	3
tep	2
teq	1
ter	1872
tes	38
tet	8
teu	58
tev	28
tew	1
tex	21
tey	370
tfa	72
tfe	1
tfg	1
tfi	1
tfo	5
tga	25
tge	326
tgh	3
tgi	4
tgo	12
tgr	2
tgu	1
tgé	1
th	14
tha	32
the	278
thi	42
thn	2
tho	226
thr	3
ths	1
tht	1
thu	156
thy	127
thó	1
ti'	1
ti*	2
tiU	1
tia	29
tib	17
tic	273
tid	5
tie	1205
tif	21
tig	255
tii	4
tij	1
til	69
tim	107
tin	820
tio	20
tip	11
tiq	1
tir	17
tis	33
tit	168
tiu	18
tiv	34
tiw	2
tiy	1
tiz	1
tié	1
tiê	1
tië	21
tja	11
tje	157
tji	2
tjl	1
tjn	1
tjo	2
tk^	1
tka	1
tke	5
tko	1
tky	3
tl	1
tl^	1
tla	28
tlc	1
tle	28
tli	14
tlj	10
tlo	13
tlr	1
tlw	1
tly	131
tma	47
tme	3
tmg	2
tmn	1
tmo	21
tms	1
tna	127
tnc	1
tnd	1
tne	6
tng	2
tni	1
tnm	2
tno	3
tnp	1
tnr	1
tnt	1
tny	2
toD	1
toU	1
toa	2
tob	49
toc	42
tod	1
toe	799
tof	30
tog	21
toh	2
toi	80
toj	1
tok	4
tol	120
tom	13
ton	282
too	82
top	11
tor	109
tos	67
tot	1314
tou	176
tov	8
toy	10
toÜ	1
tpa	5
tph	20
tpi	1
tpl	5
tpn	1
tpo	1
tpu	1
tqu	2
tr8	1
tr^	1
tra	596
trc	3
tre	1105
tri	50
trj	12
tro	465
tru	43
try	19
trë	1
ts	2
ts-	3
tsU	1
ts^	1
tsa	93
tsb	1
tsc	285
tsd	10
tse	620
tsg	480
tsh	23
tsi	82
tsj	23
tsk	1
tsl	45
tsm	11
tso	32
tsp	14
tss	2
tst	157
tsu	5
tsv	1
tsw	2
tsy	16
tsz	18
tsè	1
tt'	1
tta	243
ttc	3
ttd	3
tte	726
tth	3
tti	82
ttj	101
ttl	1
tto	182
ttr	16
tts	2
ttu	2
ttw	1
tty	61
tua	76
tuc	197
tud	2
tue	34
tug	328
tui	4
tuk	1
tul	26
tum	26
tun	26
tup	1
tur	59
tus	134
tut	25
tuw	2
tux	28
tuy	196
tv\	1
tv^	5
tva	51
tve	10
tvi	6
tvl	11
tvo	269
tvr	11
tvv	1
tvy	3
twa	37
twe	364
twi	31
two	190
twp	1
twr	1
twy	78
tyb	1
tyc	27
tyd	165
tye	235
tyf	14
tyg	2
tyh	1
tyi	2
tyj	1
tyl	11
tyn	27
tys	18
tyt	430
tyu	1
tyv	5
tyw	1
tzy	7
tè	1
tèn	1
tén	1
tér	1
têe	1
tïo	1
tói	1
tót	1
tüé	1
u	54
uDi	1
uH^	1
uHp	1
uIc	1
uJe	1
uKp	1
uUa	1
uUe	5
uUi	2
uUo	1
uUp	1
u\c	1
u^^	1
uab	1
uac	3
uad	36
uae	85
uai	1
ual	144
uam	248
uan	287
uap	1
uar	262
uas	4
uat	16
uau	2
uaè	1
uba	43
ubb	10
ube	5
ubi	5
ubj	12
ubl	16
ubm	1
ubo	3
ubs	22
ubu	1
uby	4
uc<	1
uc^	1
uca	24
ucb	2
ucc	117
uce	17
uch	313
uci	2
uck	423
ucl	1
uco	23
ucq	4
ucs	6
uct	11
ucu	1
ucx	72
ucy	1
uda	6
udc	1
udd	4
ude	2132
udi	59
udj	36
udl	2
udp	1
udr	1
uds	3
udt	57
udy	3
ueM	1
ueb	2
ued	19
uee	192
ueh	1
uek	4
uel	58
uem	16
uen	57
uep	1
uer	63
ues	51
uet	75
ueu	2
uey	15
ufa	3
ufd	1
uff	21
ufi	1
ufl	2
uft	6
uga	24
ugd	1
uge	372
ugg	74
ugh	24
ugi	18
ugm	1
ugo	2
ugr	1
ugu	63
uha	9
uhe	8
uho	77
ui'	2
ui*	2
uia	19
uic	12
uid	3
uie	3
uig	5
uil	18
uim	37
uin	114
uio	5
uip	30
uir	8
uis	17
uit	60
uiu	1
uiy	2
uiï	1
uja	1
ujt	1
uka	1
uke	2
uki	4
ukj	1
ukk	1
ukx	1
uky	1
ulT	1
ula	56
ulc	398
uld	145
ule	86
ulf	11
ulg	2
ulh	12
uli	121
ulj	20
ull	273
ulm	1
ulo	37
ulp	77
ulr	1
uls	5
ult	132
ulu	19
ulw	2
ulx	2
uly	60
uma	23
umb	45
umc	1
ume	51
umf	2
umh	1
umi	3
umo	5
ump	10
ums	2
umt	1
umu	1
umy	1
un'	1
una	26
unb	1
unc	37
und	141
une	19
ung	6
uni	46
unj	3
unl	17
unn	192
unp	1
uns	45
unt	171
unu	15
uny	38
uoa	1
uoe	1
uof	1
uoi	1
uon	1
uoo	3
uos	1
uot	1
uou	1
uoy	3
upa	8
upe	60
uph	1
upl	4
upo	5
upp	25
ups	1
upt	2
upu	1
upö	1
uqu	3
ur-	9
ura	165
urb	4
urc	31
urd	8
ure	194
urf	2
urg	48
urh	1
uri	88
urj	9
url	6
urm	1
urn	41
uro	41
urp	6
urq	2
urr	18
urs	184
urt	47
uru	3
urx	2
ury	30
us-	1
usa	33
usb	6
usc	48
usd	6
use	149
usf	1
usg	1
ush	2
usi	8
usk	1
usl	15
usm	1
usn	1
uso	37
usp	19
usq	41
uss	167
ust	395
usu	8
usv	2
usw	1
usy	7
usz	2
usê	1
ut-	3
uta	17
utc	10
utd	25
ute	86
utf	1
utg	4
uth	25
uti	59
utj	16
utl	2
utm	2
uto	7
utp	19
utr	6
uts	38
utt	44
utu	4
utw	14
uty	22
uua	2
uue	3
uul	1
uun	1
uus	1
uv^	2
uva	1
uve	637
uvi	3
uvo	2
uvs	1
uw	2
uwa	19
uwc	1
uwd	6
uwe	600
uwi	40
uwl	6
uwo	2
uwr	2
uws	10
uwt	29
uww	1
uwy	5
uxk	1
uy	5
uyb	3
uyc	320
uyd	310
uye	13
uyf	10
uyg	233
uyi	8
uyk	2
uyl	88
uym	60
uyn	82
uyp	3
uyr	146
uys	485
uyt	2001
uyu	1
uyv	66
uy«	1
uza	5
u»r	1
uïn	2
uïp	1
v	3
v(m	1
v<r	1
v?e	1
v\^	2
v\r	3
v]i	1
v^T	1
v^a	23
v^c	3
v^e	16
v^f	2
v^g	2
v^n	5
v^o	4
v^r	11
v^s	4
v^y	1
vaD	1
vaa	7
vac	6
vad	87
vae	530
vag	1
vah	1
vai	7
vaj	1
val	302
vam	2
van	7858
vaq	2
var	68
vas	93
vat	38
vau	10
vav	1
vaz	3
vaü	1
vci	1
vcr	8
vdc	1
vde	5
vdl	5
vdn	1
vds	3
vdt	1
ve\	1
vea	7
vec	16
ved	3
vee	915
vef	2
veh	8
vei	23
vej	1
vel	168
vem	83
ven	2294
veo	3
vep	1
ver	7015
ves	22
vet	20
veu	25
vex	11
vey	10
veü	1
vfa	1
vfe	2
vfi	1
vgh	1
vi'	2
vi^	3
via	168
vic	77
vid	43
vie	255
vig	45
vil	28
vin	87
vio	1
viq	1
vir	25
vis	262
vit	15
viu	1
viv	22
vji	1
vjs	1
vk)	1
vl\	1
vla	14
vle	27
vli	26
vlo	65
vlu	53
vly	5
vnd	1
vne	14
vni	4
vnl	9
vnm	1
vnn	2
vns	6
vnt	2
vo<	1
voN	1
voU	5
voa	1
voc	13
voe	662
vof	1
vog	12
voi	44
vok	1
vol	1001
von	266
voo	3469
vop	1
vor	133
vos	11
vot	11
vou	35
voy	41
voó	1
voö	1
vpn	1
vql	2
vrQ	1
vr^	1
vra	74
vre	323
vri	30
vro	105
vru	211
vry	193
vsi	1
vsr	9
vte	1
vtn	1
vtr	2
vue	1
vul	32
vuy	10
vva	4
vve	3
vvr	1
vwl	1
vy	1
vy)	1
vya	238
vye	1
vyf	32
vyj	1
vyl	1
vyr	4
vys	88
vyt	1
vyv	1
v«r	1
vèr	1
véo	1
vér	4
vëm	1
vóo	1
w.f	1
wAi	1
wQ	1
w^d	1
w^e	3
w^l	3
w^s	1
waD	1
wa^	2
waa	6
wac	223
wad	1
wae	1752
wag	7
wal	39
wam	1
wan	357
wap	32
war	899
was	1617
wat	347
wav	13
waé	1
wbo	2
wcc	1
wcg	1
wd	1
wdc	1
wde	6
wdt	1
weD	1
weU	1
wec	58
wed	402
wee	1243
weg	270
wei	55
wek	13
wel	1274
wem	2
wen	426
wep	2
wer	1000
wes	419
wet	101
weu	3
wev	9
wey	327
wff	1
wfl	1
wiD	1
wiU	2
wic	36
wie	459
wif	1
wig	12
wij	1
wil	441
win	144
wis	99
wit	91
wié	1
wl	1
wle	1
wli	1
wlo	3
wlu	1
wly	2
wnv	1
woa	3
wod	1
woe	15
wof	1
wog	4
wol	12
won	82
woo	523
wor	467
wou	2
wpe	1
wpo	1
wra	7
wre	16
wro	7
wrt	1
wry	2
ws^	1
wse	1
wsp	1
wt	35
wtC	1
wtd	1
wte	2
wtg	7
wth	1
wtj	5
wts	1
wtt	1
wtv	3
wus	11
wuw	2
wve	1
wwe	1
wy	106
wy'	1
wyc	29
wyd	18
wye	1
wyf	74
wyg	5
wyi	6
wyl	65
wyn	22
wys	74
wyt	8
wyv	6
wèl	2
wéd	1
wél	2
x)e	1
x)l	1
x)s	1
xal	1
xam	53
xan	9
xat	16
xbo	2
xce	23
xcl	2
xcu	46
xda	20
xec	8
xee	15
xel	9
xem	12
xer	7
xhi	2
xhu	1
xie	2
xim	6
xir	1
xke	6
xli	1
xmi	1
xpe	34
xpi	5
xpl	10
xpr	45
xqu	1
xra	14
xsa	1
xse	5
xst	3
xt'	1
xte	4
xti	7
xto	2
xtr	14
xun	1
xwm	1
y	3
y's	1
y't	1
y)e	1
y-n	1
y-v	1
yDe	1
yJe	2
yMs	1
yX	1
y^M	1
y^T	1
y^l	1
yac	8
yad	1
yae	3
yag	10
yal	24
yam	1
yan	327
yas	16
yau	3
yb(	1
ybc	1
ybe	4
ybo	31
ybr	4
ybu	1
yby	1
yca	6
ycb	1
yce	1
ych	106
yck	2714
yco	5
ycq	15
ycs	3
ycu	1
ycx	188
yd^	1
yda	2
ydc	3
yde	1251
ydg	1
ydi	88
ydl	1
ydm	1
ydo	10
yds	1
ydt	4
ydy	2
yec	3
yed	3
yee	37
yeg	1
yeh	2
yej	1
yek	18
yel	22
yem	24
yen	191
yep	1
yer	136
yes	7
yet	41
yfF	2
yfT	1
yfd	1
yff	147
yfi	7
yfl	19
yft	29
yga	7
ygb	8
ygc	3
ygd	1
yge	365
ygh	90
ygi	1
ygk	1
yha	1
yhe	22
yho	2
yhy	1
yi'	1
yiT	2
yia	1
yic	4
yie	5
yif	1
yig	3
yii	4
yin	3
yip	1
yis	2
yiv	1
yj^	1
yja	3
yjs	1
yk>	1
yke	9
yl	5
yla	185
ylc	3
yld	6
yle	187
ylg	7
ylh	1
yli	23
yll	2
ylo	88
ylp	2
ylr	1
yls	15
ylt	62
ylu	24
ylv	10
ylw	1
yly	1
yma	19
ymd	3
yme	30
ymi	3
ymo	27
ymp	1
ymt	16
ymy	1
ynE	5
yn^	1
yna	20
ynb	1
ync	2
ynd	791
yne	775
yng	1
ynh	2
yni	365
ynk	2
ynl	4
ynn	3
yno	1
ynq	1
yns	97
ynt	46
ynw	29
yné	2
yod	1
yoe	1
yok	1
yol	2
yom	1
yon	5
yoo	6
yop	1
yor	11
you	82
yov	1
ypa	1
ype	20
yph	1
ypk	2
ypo	1
yps	22
ypt	1
yqu	1
yra	3
yrd	1
yre	110
yrg	2
yrh	1
yri	24
yrj	1
yrl	3
yrm	1
yro	1
yrs	2
yrt	3
yru	1
yry	2
ys	1
ysa	11
ysb	1
ysc	106
ysd	2
yse	771
ysg	10
ysh	5
ysi	20
ysk	9
ysl	3
ysm	1
yso	43
ysp	1
ysr	1
yss	45
yst	81
ysu	1
ysv	19
ysw	11
ysy	1
ysz	8
ytC	1
yta	3
ytb	4
ytc	13
ytd	6
yte	352
ytg	209
yth	1
yti	7
ytj	5
ytk	7
ytl	8
ytm	6
ytn	2
yto	2
ytq	2
ytr	12
yts	212
ytt	40
ytv	273
ytw	16
ytz	2
yud	4
yue	4
yui	1
yul	1
yut	1
yuw	1
yve	421
yvi	4
yvr	1
ywa	42
ywe	1
ywi	7
ywo	1
ywy	1
yxs	1
yya	2
yye	1
y«f	1
yèn	1
yüd	1
zQn	1
z^l	1
za	6
zaK	2
zac	1
zad	5
zae	5
zal	7
zar	1
zat	1
zay	1
zce	1
zed	1
zee	95
zeg	4
zei	1
zem	1
zen	15
zer	1
zey	8
zic	5
zie	3
zij	1
zil	1
zin	1
zit	1
zom	2
zon	2
zoo	2
zou	11
zpe	1
zul	30
zuy	25
zy	11
zyd	58
zyi	1
zyl	4
zyn	218
zyt	3
zyu	1
|(e	1
|)e	2
|)m	1
|H)	1
|K)	1
|it	1
|ne	1
}ep	1
~~R	1
£as	1
£d	2
£sc	1
§yn	1
«"d	3
«Om	1
«de	1
«en	2
«er	1
«f*	1
«it	1
«nd	1
«nh	1
«ra	1
«re	1
«te	1
«ui	1
°de	1
»eh	1
»rt	1
»w	1
Èch	1
Èin	1
Éac	1
Ë	9
ËFF	1
Ëd	8
Ëen	1
Ëip	1
Ënd	1
Ëng	9
Ëra	1
Ëri	1
ÏÈ	1
Ópr	1
Ö17	1
Öae	1
Ü'a	1
Ü.E	9
ÜAN	2
ÜDg	1
ÜE	1
ÜIN	1
ÜSS	1
Üeg	1
Üen	2
Üom	1
Ütk	1
è	4
èed	1
èef	1
èen	1
èls	1
èlv	1
èly	1
èml	1
ènd	6
èng	1
ènl	1
ènt	1
ènw	1
èra	1
ère	3
èrl	1
èrt	2
èse	1
èso	1
èst	1
èyn	1
èys	1
é	1
é&e	1
ébe	1
ébr	1
éca	1
éco	1
écu	1
éde	3
éeH	1
éen	2
ége	1
éhd	1
élc	1
éle	1
élh	1
élt	1
élv	2
ély	2
éma	2
émb	2
éme	2
émp	2
éna	1
énc	1
énd	6
éni	2
éop	1
éor	1
équ	1
éra	1
ére	3
érh	1
éro	1
érr	1
érs	2
ért	4
ése	2
éso	1
ést	2
éts	1
étt	1
éxa	2
éxc	4
éxe	2
éyn	3
éys	11
éüi	1
êdi	1
êer	1
êma	3
êmb	1
êmi	1
êmm	1
êmp	6
êno	2
êqu	3
êsc	3
êst	1
êve	1
êxa	2
êxc	3
êxh	1
êxl	1
êxp	2
êxt	1
êys	13
ëff	1
ële	1
ëmi	1
ëmp	2
ëns	1
ënt	35
ëre	2
ëri	1
ësc	1
ësm	2
ëss	1
ësy	1
ëte	1
ëve	1
ëxc	2
ëxp	1
ëys	8
ï	2
ï^a	1
ïai	1
ïda	1
ïde	1
ïef	1
ïen	3
ïer	1
ïet	1
ïff	1
ïht	1
ïid	1
ïke	1
ïnb	1
ïne	1
ïng	1
ïnt	1
ïon	1
ïpe	1
ïsc	1
ïss	1
ïsy	1
ïuy	1
ïïe	1
ïö	1
ócu	1
ódt	1
óin	1
óir	1
óme	2
ómt	2
ónd	3
óne	1
ónt	1
óoc	1
óom	1
óoo	1
óor	2
órg	1
óri	1
ótn	1
óud	1
óui	1
óve	1
ö	1
ö..	1
öAg	1
öTO	1
öcu	1
öde	2
öid	1
önt	2
öon	1
örs	1
ört	1
ösc	1
öuf	1
öut	1
öxc	1
öys	1
öyt	1
öö.	1
ü	99
ü;g	1
üan	1
üch	2
ück	1
üde	3
üen	2
üet	2
ügh	1
üia	1
üic	1
üie	1
üio	1
üip	1
üit	1
üiu	1
ül	2
üli	1
ülo	1
ünd	1
üng	1
üon	1
üra	1
ürc	2
üsa	1
üst	1
üw	2
üwe	2
üyc	1
üye	1
üys	1
üyt	7
üét	1
•Ta	1
•al	1
•en	1
€nd	1
™V^	1
